,end_station_name,end_lat,end_lng
652485,1 Ave & E 110 St,40.792,-73.938
5922452,1 Ave & E 16 St,40.732,-73.982
2186063,1 Ave & E 18 St,40.734,-73.981
9685347,1 Ave & E 30 St,40.741,-73.975
10886435,1 Ave & E 39 St,40.747,-73.971
4598635,1 Ave & E 44 St,40.75,-73.969
7754688,1 Ave & E 6 St,40.726,-73.986
4276320,1 Ave & E 62 St,40.761,-73.961
5102300,1 Ave & E 68 St,40.765,-73.958
7249053,1 Ave & E 78 St,40.771,-73.954
8538665,1 Ave & E 94 St,40.782,-73.946
286990,1 Pl & Clinton St,40.681,-73.999
10065745,1 St & 6 Ave,40.673,-73.98
5286897,10 Ave & W 14 St,40.742,-74.008
10164005,10 Ave & W 202 St,40.861,-73.921
978767,10 Ave & W 204 St,40.863,-73.92
5144068,10 Ave & W 207 St,40.865,-73.919
1198342,10 Ave & W 215 St,40.869,-73.915
5816022,10 Ave & W 28 St,40.751,-74.002
143013,10 St & 2 Ave,40.672,-73.994
4233779,10 St & 5 Ave,40.669,-73.987
10340377,10 St & 7 Ave,40.666,-73.982
9060099,11 Ave & Prospect Ave,40.656,-73.977
9153222,11 Ave & W 27 St,40.751,-74.005
4812347,11 Ave & W 41 St,40.76,-73.999
12155152,11 Ave & W 59 St,40.771,-73.99
110217,11 St & 43 Ave,40.752,-73.948
10527850,11 St & Washington St,40.75,-74.027
7660211,12 Ave & 36 St,40.644,-73.986
4788252,12 Ave & W 125 St,40.818,-73.96
8374737,12 Ave & W 40 St,40.761,-74.003
10803928,12 St & 4 Ave,40.669,-73.99
10720254,12 St & Sinatra Dr N,40.751,-74.024
2477348,14 St & 5 Ave,40.666,-73.989
5293953,14 St & 7 Ave,40.664,-73.984
6073299,14 St Ferry - 14 St & Shipyard Ln,40.753,-74.024
8534305,16th St & 4th Ave,40.666,-73.992
7127734,17 St & 5 Ave,40.663,-73.991
5097202,18 St & 27 Ave,40.773,-73.927
11210542,19 St & 24 Ave,40.777,-73.923
12241664,19 St & 8 Ave,40.658,-73.986
7027489,2 Av & 37 St,40.656,-74.01
4249910,2 Ave & 32 St,40.659,-74.007
3396987,2 Ave & 36 St,40.657,-74.009
2815223,2 Ave & E 104 St,40.789,-73.944
11149112,2 Ave & E 122 St,40.801,-73.935
11959732,2 Ave & E 125 St,40.803,-73.934
3480570,2 Ave & E 29 St,40.742,-73.978
6878450,2 Ave & E 31 St,40.743,-73.977
5566159,2 Ave & E 55 St,40.758,-73.966
958491,2 Ave & E 72 St,40.769,-73.958
8259027,2 Ave & E 96 St,40.784,-73.947
6936702,2 Ave & E 99 St,40.786,-73.946
10721967,20 Ave & 21 St,40.784,-73.912
8903307,20 Ave & 31 St,40.78,-73.907
3028723,20 Ave & 33 St,40.779,-73.906
7125309,20 Ave & 38 St,40.777,-73.902
7177690,20 Ave & 42 St,40.775,-73.9
7685377,20 Ave & 48 St,40.773,-73.897
9540364,20 Ave & Shore Blvd,40.786,-73.915
10037218,21 Ave & 80 St,40.771,-73.89
5982510,21 Ave & Crescent St,40.78,-73.912
10200730,21 Ave & Shore Blvd,40.784,-73.917
10907078,21 St & 21 Ave,40.782,-73.915
6249775,21 St & 23 Ave,40.779,-73.919
12164583,21 St & 31 Dr,40.766,-73.931
6966728,21 St & 36 Ave,40.76,-73.936
6998198,21 St & 38 Ave,40.758,-73.939
11019878,21 St & 4 Ave,40.663,-73.996
3788673,21 St & 43 Ave,40.751,-73.946
9788795,21 St & Hoyt Ave S,40.775,-73.924
2195598,21 St & Queens Plaza North,40.753,-73.943
6260922,23 Ave & 27 St,40.776,-73.915
3305329,23 Rd & 31 St,40.773,-73.914
10282096,23 St & 3 Ave,40.663,-73.999
4513327,24 Ave & 26 St,40.775,-73.919
6590587,24 Ave & 29 St,40.773,-73.916
11863434,24 St & 38 Ave,40.756,-73.937
7897808,24 St & 41 Ave,40.752,-73.94
1708016,24 St & 5 Ave,40.66,-73.995
8823765,25 Ave & 41 St,40.768,-73.911
5257361,27 Ave & 3 St,40.775,-73.934
3003021,27 Ave & 9 St,40.774,-73.931
10509154,27 St & Hunter St,40.748,-73.941
1131936,28 Ave & 35 St,40.767,-73.917
4766732,28 Ave & 44 St,40.764,-73.911
12609661,28 St & 36 Ave,40.757,-73.933
6954119,28 St & 41 Ave,40.751,-73.938
6641544,29 St & 5 Ave,40.657,-73.998
2980914,3 Ave & 14 St,40.669,-73.993
11215739,3 Ave & 17 St,40.666,-73.996
202037,3 Ave & Carroll St,40.677,-73.986
10207320,3 Ave & E 100 St,40.788,-73.947
4370421,3 Ave & E 112 St,40.796,-73.942
2481699,3 Ave & E 163 St,40.824,-73.909
9540224,3 Ave & E 169 St,40.833,-73.905
7142397,3 Ave & E 170 St,40.835,-73.904
11918529,3 Ave & E 172 St,40.84,-73.9
12347219,3 Ave & E 174 St,40.842,-73.898
4224021,3 Ave & E 174 St - Bathgate Vaccination Site,40.842,-73.898
6605266,3 Ave & E 62 St,40.763,-73.965
9766166,3 Ave & E 71 St,40.769,-73.961
3884992,3 Ave & E 72 St,40.77,-73.961
5313027,3 Ave & Franklin Ave,40.827,-73.907
11010288,3 Ave & Schermerhorn St,40.687,-73.98
4552668,3 Ave & Wakeman Pl,40.638,-74.025
6823104,3 St & 3 Ave,40.675,-73.988
5311073,3 St & 7 Ave,40.67,-73.978
827611,3 St & Hoyt St,40.678,-73.994
3882245,3 St & Prospect Park West,40.668,-73.974
11413442,30 Ave & 12 St,40.772,-73.932
8819852,30 Ave & 21 St,40.77,-73.929
9941246,30 Ave & 41 St,40.763,-73.914
8609481,30 Ave & 47 St,40.761,-73.91
403401,30 St & 4 Ave,40.658,-74.001
2644466,31 Ave & 14 St,40.768,-73.932
6591551,31 Ave & 30 St,40.765,-73.924
2233061,31 Ave & 34 St,40.763,-73.921
1199719,31 Ave & 57 St,40.757,-73.905
12553720,31 Ave & 61 St,40.758,-73.902
11780173,31 Ave & Crescent St,40.766,-73.927
360189,31 Ave & Steinway St,40.761,-73.917
10287755,31 Pl & Hunters Point Ave,40.74,-73.935
537689,31 Rd & 21 St,40.767,-73.93
10667129,31 St & 21 Ave,40.778,-73.908
6482377,31 St & 23 Ave,40.775,-73.913
7985527,31 St & Astoria Blvd,40.77,-73.918
420263,31 St & Broadway,40.762,-73.926
10125361,31 St & Ditmars Blvd,40.776,-73.91
5887680,31 St & Hoyt Ave N,40.771,-73.917
583659,31 St & Newtown Ave,40.768,-73.921
10114380,31 St & Northern Blvd,40.752,-73.933
346772,31 St & Thomson Ave,40.745,-73.935
9559250,33 St & 47 Ave,40.743,-73.932
5301918,34 Ave & 13 St,40.764,-73.936
11682713,34 Ave & 21 St,40.763,-73.934
883754,34 Ave & 31 St,40.76,-73.927
2828832,34 Ave & 38 St,40.757,-73.922
7133331,34 Ave & 45 St,40.755,-73.917
7954995,34 Ave & 48 St,40.754,-73.915
6521300,34 St & 35 Ave,40.757,-73.926
6107219,34 St & 38 Ave,40.752,-73.93
7815701,34 St & 4 Ave,40.655,-74.003
9751699,34 St & 48 Ave,40.741,-73.931
830493,34 St & 5 Ave,40.654,-74.001
10776328,34th Ave & Vernon Blvd,40.765,-73.94
490405,35 Ave & 10 St,40.763,-73.94
11734565,35 Ave & 37 St,40.756,-73.924
5951737,35 St & 21 Ave,40.777,-73.907
628609,35 St & 23 Ave,40.773,-73.911
8240409,35 St & 30 Ave,40.765,-73.918
5507243,35 St & 34 Ave,40.758,-73.924
2318689,35 St & Broadway,40.76,-73.922
5023024,36 Ave & 10 St,40.761,-73.941
2269454,36 Ave & 31 St,40.757,-73.93
3284718,36 St & 3 Ave,40.656,-74.007
9125752,36 St & 4 Ave,40.654,-74.004
10531852,36 St & 47 Ave,40.742,-73.929
8333857,36 St & Ditmars Blvd,40.774,-73.908
9758156,36 St & Hunters Point Ave,40.738,-73.93
12235128,36 St & Queens Blvd,40.744,-73.929
10089772,37 Ave & 35 St,40.753,-73.928
386061,37 St & 24 Ave,40.77,-73.912
9156188,38 Ave & 29 St,40.755,-73.934
9390125,38 St & 30 Ave,40.764,-73.916
12872501,38 St & Northern Blvd,40.752,-73.925
4247108,39 St & 2 Ave,40.655,-74.011
279667,4 Ave & 17 St,40.666,-73.993
5956413,4 Ave & 26 St,40.66,-73.999
8246698,4 Ave & 3 St,40.674,-73.986
2256455,4 Ave & 9 St,40.671,-73.989
2132984,4 Ave & E 12 St,40.733,-73.99
12321504,4 Ave & Shore Road Dr,40.637,-74.022
10603797,40 Ave & 9 St,40.757,-73.945
3382511,40 Ave & Crescent St,40.754,-73.938
4355767,41 St & 3 Ave,40.653,-74.009
7934845,41 St & 4 Ave,40.651,-74.007
520126,42 Pl & Northern Blvd,40.753,-73.921
645487,42 St & 1 Ave,40.655,-74.014
6302776,43 St & 23 Ave,40.77,-73.906
7646547,43 St & 35 Ave,40.754,-73.92
10646842,43 St & 37 Ave,40.75,-73.92
1381675,43 St & Broadway,40.758,-73.917
2559111,44 Dr & Jackson Ave,40.747,-73.943
6567884,44 St & 2 Ave,40.653,-74.014
5733599,44 St & 3 Ave,40.651,-74.011
1554583,44 St & 6 Ave,40.647,-74.004
3889409,45 Ave & 21 St,40.747,-73.948
6239861,45 Rd & 11 St,40.747,-73.95
12872236,45 St & 4 Ave,40.649,-74.009
7188057,46 Ave & 5 St,40.747,-73.955
8460480,46 St & 25 Ave,40.766,-73.907
5007449,46 St & 28 Ave,40.763,-73.909
10198782,46 St & 30 Rd,40.761,-73.911
11219296,46 St & 6 Ave,40.646,-74.006
11144620,46 St & 7 Ave,40.645,-74.004
2698900,47 Ave & 31 St,40.743,-73.936
5157421,47 Ave & Skillman Ave,40.744,-73.942
123320,47 St & 3 Ave,40.649,-74.012
9233295,48 Ave & 31 St,40.741,-73.936
10346325,48 Ave & 37 St,40.74,-73.929
10140151,48 Ave & 5 St,40.744,-73.956
2950824,48 St & 2 Ave,40.65,-74.016
9821101,48 St & 37 Ave,40.752,-73.915
10630354,48 St & 5 Ave,40.646,-74.009
9627999,48 St & Broadway,40.756,-73.913
2635322,49 Ave & 21 St,40.743,-73.949
7682733,49 St & 25 Ave,40.764,-73.905
10035380,49 St & 31 Ave,40.758,-73.91
263546,5 Av & W 139 St,40.815,-73.936
7732228,5 Ave & 3 St,40.673,-73.984
2707888,5 Ave & 37 St,40.653,-74.002
8176028,5 Ave & 41 St,40.65,-74.005
6328982,5 Ave & 66 St,40.636,-74.02
4643169,5 Ave & E 103 St,40.792,-73.952
298573,5 Ave & E 135 St,40.812,-73.938
768296,5 Ave & E 29 St,40.745,-73.987
9916681,5 Ave & E 63 St,40.766,-73.972
7348878,5 Ave & E 72 St,40.773,-73.967
9088513,5 Ave & E 78 St,40.776,-73.964
1203693,5 Ave & E 87 St,40.782,-73.96
6257422,5 Ave & E 93 St,40.786,-73.957
3561000,5 Ave & W 126 St,40.807,-73.942
6524876,5 Ave & W 131 St,40.81,-73.94
12372156,5 Corners Library,40.735,-74.06
5676224,5 St & 51 Ave,40.742,-73.957
10895374,5 St & 6 Ave,40.67,-73.982
2060948,5 St & Market St,40.7,-73.974
1672395,50 St & 30 Ave,40.76,-73.907
4105195,50 St & 7 Ave,40.643,-74.006
12638361,50 St & Northern Blvd,40.753,-73.912
6556727,51 St & Hobart St,40.758,-73.908
2381598,52 St & 1 Ave,40.649,-74.02
11701146,52 St & 6 Ave,40.643,-74.009
4854439,53 St & 2 Ave,40.647,-74.019
320125,53 St & 4 Ave,40.645,-74.015
4649643,53 St & 5 Ave,40.643,-74.012
8511803,55 St & 5 Ave,40.642,-74.013
965593,55 St & 7 Ave,40.64,-74.009
10788119,57 St & 1 Ave,40.646,-74.023
6623801,57 St & 1 Ave - Brooklyn Army Terminal Vaccination Site,40.646,-74.023
382408,57 St & 4 Ave,40.643,-74.017
9686723,58 St & 2 Ave,40.645,-74.022
5004023,58 St & 2 Ave - Brooklyn Army Terminal Vaccination Site,40.645,-74.022
198347,58 St & 32 Ave,40.756,-73.903
9453673,58 St & Pier 4,40.646,-74.026
1388525,59 St & 4 Ave,40.641,-74.018
3939687,59 St & 5 Ave,40.64,-74.016
11036592,6 Ave & 12 St,40.666,-73.985
7895495,6 Ave & 21 St,40.66,-73.991
6946025,6 Ave & 55 St,40.641,-74.011
3970586,6 Ave & 60 St,40.638,-74.014
3942298,6 Ave & 9 St,40.668,-73.984
2673442,6 Ave & Broome St,40.724,-74.005
4470508,6 Ave & Canal St,40.722,-74.006
5702343,6 Ave & W 33 St,40.749,-73.988
6028680,6 Ave & W 34 St,40.75,-73.988
865650,6 Ave & W 45 St,40.757,-73.983
3925740,6 Ave & Walker St,40.72,-74.005
11551982,6 St & 7 Ave,40.669,-73.98
3986196,62 St & 4 Ave,40.64,-74.02
7985616,62 St & Northern Blvd,40.754,-73.9
6036370,63 St & 5 Ave,40.638,-74.018
10593032,64 St & 3 Ave,40.64,-74.023
4850892,65 St & 2 Ave,40.64,-74.026
363839,67 St & Erik Pl,40.633,-74.017
3816070,67 St & Ridge Blvd,40.639,-74.027
11915230,7 Ave & 17 St,40.661,-73.987
6201402,7 Ave & 20 St,40.659,-73.989
1188101,7 Ave & 22 St,40.658,-73.99
12809078,7 Ave & 40 St,40.648,-74.0
433304,7 Ave & 41 St,40.647,-74.001
1229585,7 Ave & Bleecker St,40.732,-74.004
7608008,7 Ave & Central Park South,40.767,-73.979
301603,7 Ave & Park Pl,40.678,-73.973
5813980,7 Ave S & Bleecker St,40.732,-74.004
2640647,7 St & 3 Ave,40.673,-73.99
1494075,7 St & 5 Ave,40.67,-73.985
12421540,76 St & 21 Ave,40.77,-73.894
498014,8 Ave & W 16 St,40.741,-74.002
10039911,8 Ave & W 24 St,40.746,-73.998
11114971,8 Ave & W 27 St,40.748,-73.997
8944609,8 Ave & W 31 St,40.751,-73.995
11846305,8 Ave & W 33 St,40.752,-73.994
4499136,8 Ave & W 38 St,40.755,-73.992
6551573,8 Ave & W 49 St,40.762,-73.987
5413720,8 Ave & W 52 St,40.764,-73.985
7567695,8 St & Astoria Blvd,40.773,-73.933
7693599,8 St & Washington St,40.746,-74.028
4393440,9 Ave & W 18 St,40.743,-74.004
11225143,9 Ave & W 206 St,40.863,-73.918
12472053,9 Ave & W 219 St,40.871,-73.912
11654580,9 Ave & W 22 St,40.745,-74.002
5851696,9 Ave & W 45 St,40.76,-73.991
1099012,9 St & 44 Rd,40.75,-73.952
10954161,Academy St & Nagle Ave,40.863,-73.923
12015669,Adam Clayton Powell Blvd & W 115 St,40.803,-73.953
9595056,Adam Clayton Powell Blvd & W 118 St,40.804,-73.951
6137261,Adam Clayton Powell Blvd & W 123 St,40.808,-73.949
2898194,Adam Clayton Powell Blvd & W 126 St,40.809,-73.948
11795628,Adam Clayton Powell Blvd & W 130 St,40.812,-73.946
8635825,Adam Clayton Powell Blvd & W 132 St,40.814,-73.945
12173693,Adam Clayton Powell Blvd & W 138 St,40.817,-73.942
5683128,Adam Clayton Powell Blvd & W 141 St,40.819,-73.941
6151395,Adam Clayton Powell Blvd & W 151 St,40.825,-73.936
10699732,Adams St & 11 St,40.751,-74.034
11274945,Adams St & Prospect St,40.701,-73.989
7533237,Adelphi St & Myrtle Ave,40.693,-73.972
12010391,Albany Ave & Fulton St,40.68,-73.938
10738100,Albany St & Greenwich St,40.709,-74.013
5368611,Albemarle Rd & McDonald Ave,40.645,-73.98
11172434,Alexander Ave & E 134 St,40.807,-73.927
1240499,Allen St & Hester St,40.716,-73.992
11725831,Allen St & Rivington St,40.72,-73.99
9723773,Allen St & Stanton St,40.722,-73.989
5241059,Amsterdam Ave & W 119 St,40.809,-73.96
11713388,Amsterdam Ave & W 125 St,40.813,-73.956
2277575,Amsterdam Ave & W 131 St,40.816,-73.954
10155994,Amsterdam Ave & W 136 St,40.82,-73.952
10222448,Amsterdam Ave & W 152 St,40.83,-73.944
2617389,Amsterdam Ave & W 156 St,40.832,-73.942
9872358,Amsterdam Ave & W 162 St,40.836,-73.94
810798,Amsterdam Ave & W 167 St,40.839,-73.937
909011,Amsterdam Ave & W 172 St,40.842,-73.935
6831115,Amsterdam Ave & W 175 St,40.844,-73.934
7447005,Amsterdam Ave & W 180 St,40.847,-73.931
4769611,Amsterdam Ave & W 183 St,40.849,-73.93
803847,Amsterdam Ave & W 186 St,40.851,-73.929
2617469,Amsterdam Ave & W 189 St,40.853,-73.927
9472678,Amsterdam Ave & W 189 St new,40.853,-73.927
7657281,Amsterdam Ave & W 66 St,40.775,-73.985
2660166,Amsterdam Ave & W 73 St,40.78,-73.981
11317894,Amsterdam Ave & W 79 St,40.783,-73.979
194965,Amsterdam Ave & W 82 St,40.785,-73.977
7442384,Anderson Ave & W 164 St,40.832,-73.927
5165944,Andrew Ave N & Hall of Fame Tce,40.858,-73.91
9963057,Andrews Ave S & W 179 St,40.855,-73.913
8508948,Anthony Ave & E 175 St,40.846,-73.904
4379835,Anthony Ave & E Tremont Ave,40.849,-73.903
4501845,Apache,40.67,-73.995
7873742,Aqueduct Ave & North St,40.86,-73.906
5177777,Aqueduct Ave & W 190 St,40.865,-73.902
2364858,Ashland Pl & Dekalb Ave,40.69,-73.979
11893579,Astoria Park S & Shore Blvd,40.777,-73.928
2088829,Atlantic Ave & Fort Greene Pl,40.684,-73.976
10917562,Atlantic Ave & Furman St,40.692,-74.0
1389916,Audobon Ave & W 179 St,40.847,-73.933
4695262,Audubon Ave & Fort George Ave,40.857,-73.927
6685266,Audubon Ave & W 192 St,40.856,-73.927
10760256,Ave A & E 11 St,40.729,-73.982
3886607,Ave A & E 14 St,40.73,-73.98
7194669,Ave D & E 8 St,40.724,-73.976
4913711,Avenue C & E 18 St,40.731,-73.974
6394611,Avenue D & E 10 St,40.725,-73.975
6997510,Avenue D & E 12 St,40.726,-73.974
7490280,Avenue D & E 3 St,40.721,-73.978
1166783,Bailey Ave & Sedgwick Ave,40.866,-73.909
7952160,Bailey Ave & W 193 St,40.871,-73.907
7424686,Bainbridge Ave & Bedford Park Blvd,40.87,-73.886
9433866,Bainbridge Ave & E 193 St,40.864,-73.892
8646945,Bainbridge Ave & E 196 St,40.866,-73.89
3612918,Bainbridge Ave & E 198 St,40.868,-73.888
6951368,Baldwin at Montgomery,40.724,-74.064
9086357,Bank St & Hudson St,40.737,-74.006
7420970,Bank St & Washington St,40.736,-74.009
8663046,Banker St & Meserole Ave,40.726,-73.956
9610331,Barclay St & Church St,40.713,-74.01
12495636,Barrow St & Hudson St,40.732,-74.007
323786,Barry St & Tiffany St,40.816,-73.892
4886886,Bay St & Court St,40.671,-74.001
1875515,Bayard St & Baxter St,40.716,-74.0
7966900,Bayard St & Leonard St,40.719,-73.949
3942673,Beaver St & Fayette St,40.701,-73.939
8782483,Beck St & Leggett Ave,40.815,-73.9
7658668,Bedford Ave & Bergen St,40.676,-73.953
12463105,Bedford Ave & Montgomery St,40.666,-73.957
1630001,Bedford Ave & Nassau Ave,40.723,-73.952
86845,Bedford Ave & S 9 St,40.709,-73.964
10960402,Bedford Park Blvd & Paul Ave,40.874,-73.892
3191432,Bergen Ave,40.722,-74.071
2451133,Bergen Ave & E 152 St,40.817,-73.915
12840927,Bergen St & 4 Ave,40.683,-73.98
5502450,Bergen St & Flatbush Ave,40.681,-73.976
9251143,Bergen St & Smith St,40.687,-73.991
3467500,Bergen St & Vanderbilt Ave,40.679,-73.968
9489810,Berkeley Pl & 6 Ave,40.677,-73.978
8483631,Berkeley Pl & 7 Ave,40.675,-73.975
7852219,Berry St & N 8 St,40.719,-73.959
12403262,Bialystoker Pl & Delancey St,40.716,-73.983
4939951,Bleecker St & Crosby St,40.726,-73.995
11063808,Bloomfield St & 15 St,40.755,-74.027
6463629,Boerum Pl\t& Pacific St,40.688,-73.991
3520176,Boerum St & Broadway,40.705,-73.95
4102971,Bond St & Bergen St,40.685,-73.986
2755426,Bond St & Fulton St,40.69,-73.983
6319225,Boone Ave & E 172 St,40.833,-73.885
11283115,Borden Ave & Review Ave,40.739,-73.941
6336095,Boston Rd & E 167 St,40.828,-73.904
11765139,Boston Rd & Prospect Ave,40.833,-73.897
3389990,Botanical Sq & Webster Ave,40.868,-73.881
7274880,Bradhurst Ave & W 148 St,40.825,-73.942
9632968,Bradley Ave & Greenpoint Ave,40.736,-73.935
1115121,Bridge St & Water St,40.703,-73.985
11160175,Bridge St & York St,40.701,-73.985
8092895,Broad St & Bridge St,40.704,-74.012
594270,Broad St & Water St,40.703,-74.011
516982,Broadway & 12 St,40.767,-73.935
11224777,Broadway & 49 St,40.755,-73.912
4751210,Broadway & 51 St,40.754,-73.909
7028342,Broadway & Battery Pl,40.705,-74.014
6179284,Broadway & Berry St,40.71,-73.965
10269780,Broadway & E 14 St,40.735,-73.991
6527430,Broadway & E 19 St,40.739,-73.99
8190873,Broadway & E 21 St,40.74,-73.99
7151291,Broadway & Ellwood St,40.862,-73.93
1622612,Broadway & Furman Ave,40.681,-73.908
4629460,Broadway & Hancock St,40.687,-73.917
3620128,Broadway & Kosciuszko St,40.693,-73.929
2607885,Broadway & Madison St,40.688,-73.92
11218016,Broadway & Morris St,40.706,-74.013
60801,Broadway & Moylan Pl,40.814,-73.959
12753573,Broadway & Roebling St,40.709,-73.961
4588286,Broadway & W 122 St,40.812,-73.961
750434,Broadway & W 131 St,40.818,-73.957
3548554,Broadway & W 133 St,40.819,-73.956
1439111,Broadway & W 142 St,40.825,-73.952
474786,Broadway & W 153 St,40.831,-73.947
2444275,Broadway & W 155 St,40.833,-73.946
7381769,Broadway & W 160 St,40.836,-73.943
417046,Broadway & W 165 St,40.839,-73.941
12852911,Broadway & W 168 St,40.841,-73.94
11709745,Broadway & W 185 St,40.853,-73.934
4521283,Broadway & W 192 St,40.858,-73.932
997360,Broadway & W 220 St,40.872,-73.913
5625329,Broadway & W 25 St,40.743,-73.989
3912746,Broadway & W 29 St,40.746,-73.989
507160,Broadway & W 36 St,40.751,-73.988
5992476,Broadway & W 37 St,40.752,-73.988
8410675,Broadway & W 38 St,40.753,-73.987
12444715,Broadway & W 41 St,40.755,-73.987
7481673,Broadway & W 51 St,40.762,-73.983
2815180,Broadway & W 53 St,40.763,-73.983
2024985,Broadway & W 56 St,40.765,-73.982
5864799,Broadway & W 58 St,40.767,-73.982
8978250,Broadway & W 61 St,40.77,-73.982
9018744,Broadway & Whipple St,40.702,-73.944
7888937,Broadway\t& W 48 St,40.76,-73.985
2818442,Bronx Shore Comfort Station,40.8,-73.924
4898555,Brook Ave & E 138 St,40.807,-73.919
10309110,Brook Ave & E 141 St,40.81,-73.918
4304074,Brook Ave & E 148 St,40.814,-73.915
11380099,Brook Ave & E 157 St,40.821,-73.912
11342712,Brooklyn Bridge Park - Pier 2,40.698,-73.997
4591524,Bruckner Blvd & Bryant Ave,40.822,-73.889
10399304,Buchanan Pl & Grand Ave,40.858,-73.906
418395,Bulova Ave & Brooklyn Queens Expressway W,40.763,-73.903
12810420,Bus Slip & State St,40.702,-74.014
7432811,Bushwick Ave & Dekalb Ave,40.695,-73.928
12785722,Bushwick Ave & Forrest St,40.701,-73.936
6630904,Bushwick Ave & Furman Ave,40.683,-73.906
11036965,Bushwick Ave & Harman St,40.694,-73.925
8700047,Bushwick Ave & Linden St,40.691,-73.921
5504319,Bushwick Ave & McKibbin St,40.706,-73.939
5162204,Bushwick Ave & Powers St,40.712,-73.941
892369,Bushwick Ave & Stagg St,40.71,-73.94
1474695,Butler St & Court St,40.685,-73.994
3296615,Cabrini Blvd & W 177 St,40.848,-73.941
4831509,Cadman Plaza E & Red Cross Pl,40.7,-73.99
375257,Cadman Plaza E & Tillary St,40.696,-73.99
11772977,Calyer St & Guernsey St,40.728,-73.955
5567454,Calyer St & Jewel St,40.73,-73.948
11583905,Cambridge Pl & Gates Ave,40.685,-73.963
10899437,Canal St & Rutgers St,40.714,-73.99
9383528,Carlton Ave & Dean St,40.681,-73.971
6808125,Carlton Ave & Flushing Ave,40.698,-73.974
8835520,Carlton Ave & Park Ave,40.696,-73.974
12513983,Carmine St & 6 Ave,40.73,-74.002
5250032,Carroll St & 5 Ave,40.675,-73.981
12052630,Carroll St & 6 Ave,40.674,-73.979
3971957,Carroll St & Bond St,40.679,-73.99
11168601,Carroll St & Columbia St,40.683,-74.003
8426156,Carroll St & Franklin Ave,40.668,-73.959
12771835,Carroll St & Smith St,40.681,-73.995
7861545,Carroll St & Washington Ave,40.669,-73.962
10249120,Cathedral Pkwy & Broadway,40.804,-73.967
6112986,Catherine St & Monroe St,40.711,-73.997
8384627,Caton Ave & Argyle Rd,40.65,-73.968
5778658,Caton Ave & E 10 St,40.648,-73.971
3360673,Caton Ave & E 7 St,40.648,-73.974
1810839,Cauldwell Ave & E 158 St,40.82,-73.908
6841356,Cauldwell Ave & E 161 St,40.822,-73.908
11814583,Cedar Ave & W Fordham Rd,40.862,-73.912
10737075,Cedar St & Evergreen Ave,40.697,-73.928
10599009,Cedar St & Myrtle Ave,40.698,-73.926
3845666,Center Blvd & 48 Ave,40.745,-73.958
9407910,Center Blvd & 51 Ave,40.743,-73.96
1751725,Central Ave & Covert St,40.689,-73.91
6062843,Central Ave & Decatur St,40.688,-73.908
9696982,Central Ave & Flushing Ave,40.703,-73.933
1914420,Central Ave & Himrod St,40.697,-73.923
9561821,Central Ave & Melrose St,40.701,-73.93
12437744,Central Ave & Starr Street,40.7,-73.928
8078556,Central Ave & Weirfield St,40.691,-73.912
6254914,Central Ave & Woodbine St,40.693,-73.916
10425458,Central Park North & Adam Clayton Powell Blvd,40.799,-73.956
2217499,Central Park S & 6 Ave,40.766,-73.976
7659530,Central Park W & W 103 St,40.796,-73.962
4456233,Central Park W & W 91 St,40.789,-73.967
12022602,Central Park W & W 97 St,40.792,-73.964
12808685,Central Park West & W 68 St,40.773,-73.978
9056703,Central Park West & W 72 St,40.776,-73.976
10455180,Central Park West & W 76 St,40.779,-73.974
3550975,Central Park West & W 85 St,40.785,-73.97
11486240,Centre St & Chambers St,40.713,-74.005
5741394,Centre St & Seneca Ave,40.7,-73.902
6539426,Centre St & Worth St,40.715,-74.002
11956975,Charlotte St & Boston Rd,40.836,-73.893
760282,Cherry St,40.712,-73.979
6882085,Chester Ave & 12 Ave,40.644,-73.984
10139548,Christ Hospital,40.735,-74.05
9733788,Christopher St & Greenwich St,40.733,-74.007
4004620,Church Ave & McDonald Ave,40.643,-73.979
9970267,Church Ave & Story St,40.642,-73.981
10938904,Church Sq Park - 5 St & Park Ave,40.743,-74.032
8882522,City Hall,40.718,-74.044
6753207,Clark St & Henry St,40.698,-73.993
11516203,Classon Ave & St Marks Ave,40.677,-73.96
11898543,Clay Ave & Claremont Pkwy,40.84,-73.905
4502486,Clay Ave & E 173 St,40.843,-73.905
3311421,Clermont Ave & Lafayette Ave,40.688,-73.97
10599955,Clermont Ave & Park Ave,40.696,-73.971
4188332,Cleveland Pl & Spring St,40.722,-73.997
6882826,Cliff St & Fulton St,40.708,-74.005
893204,Clinton Ave & Flushing Ave,40.698,-73.97
4054043,Clinton Ave & Myrtle Ave,40.693,-73.969
2691420,Clinton St & 4 Place,40.678,-74.0
6807340,Clinton St & 7 St,40.745,-74.033
324921,Clinton St & Centre St,40.674,-74.002
12582821,Clinton St & Cherry St,40.711,-73.987
2523755,Clinton St & Grand St,40.716,-73.987
12640356,Clinton St & Joralemon St,40.692,-73.993
4636781,Clinton St & Tillary St,40.696,-73.991
9290703,Clinton St & Union St,40.683,-73.998
11467953,Coffey St & Conover St,40.677,-74.016
2368638,Coffey St & Ferris St,40.678,-74.017
6941466,College Ave & E 170 St,40.838,-73.91
181425,Columbia Heights & Cranberry St,40.7,-73.995
11511207,Columbia St & Degraw St,40.686,-74.002
8909850,Columbia St & Kane St,40.688,-74.002
5952474,Columbia St & Lorraine St,40.675,-74.008
3618214,Columbia St & Rivington St,40.717,-73.98
8153691,Columbia St & W 9 St,40.677,-74.006
2749839,Columbus Ave & W 103 St,40.797,-73.964
8079064,Columbus Ave & W 72 St,40.777,-73.979
92044,Columbus Ave & W 95 St,40.792,-73.968
11688508,Columbus Dr at Exchange Pl,40.717,-74.033
9735653,Columbus Drive,40.718,-74.039
12159630,Columbus Park - Clinton St & 9 St,40.748,-74.032
12315153,Commerce St & Van Brunt St,40.681,-74.009
1833459,Concord St & Bridge St,40.698,-73.985
3443373,Concourse Village East & E 158 St,40.824,-73.919
9413599,Concourse Village West & E 156 St,40.823,-73.923
9934941,Congress St & Clinton St,40.688,-73.995
2418350,Congress St & Hicks St,40.689,-74.0
825532,Convent Ave & W 135 St,40.818,-73.951
9501240,Convent Ave & W 151 St,40.828,-73.943
4829815,Cooper Square & Astor Pl,40.73,-73.991
10641065,Court St & Nelson St,40.676,-73.999
12478075,Court St & State St,40.69,-73.992
5616892,Courtlandt Ave & E 149 St,40.816,-73.92
2627858,Courtlandt Ave & E 157 St,40.822,-73.917
4433416,Crescent St & 30 Ave,40.769,-73.925
9290900,Crescent St & 34 Ave,40.761,-73.931
11992540,Crescent St & 35 Ave,40.76,-73.932
6705571,Crescent St & Broadway,40.763,-73.929
9199931,Crescent St & Ditmars Blvd,40.779,-73.915
6642356,Creston Ave & E 178 St,40.851,-73.906
9489866,Creston Ave & E 181 St,40.855,-73.903
7579426,Crotona Park East & E 173 St,40.837,-73.89
10348643,Crotona Park North & Prospect Ave,40.841,-73.892
2464712,Cumberland St & Lafayette Ave,40.688,-73.973
4093362,Cypress Ave & George St,40.698,-73.903
9827341,Cypress Ave & Palmetto St,40.702,-73.909
306932,Dahill Rd & 12 Ave,40.646,-73.981
9642323,Davidson Ave & W Burnside Ave,40.854,-73.909
4219950,Dawson St & Intervale Ave,40.82,-73.897
2241207,DeKalb Ave & Franklin Ave,40.691,-73.957
1399382,DeKalb Ave & Hudson Ave,40.69,-73.981
9323710,DeKalb Ave & S Portland Ave,40.69,-73.975
8961446,DeKalb Ave & Vanderbilt Ave,40.689,-73.969
6699582,Dean St & Franklin Ave,40.678,-73.956
4147742,Dean St & Hoyt St,40.686,-73.988
10288585,Decatur Ave & Bedford Park Blvd,40.868,-73.884
6644909,Decatur Ave & E 197 St,40.866,-73.888
2297557,Decatur Ave & Oliver Pl,40.867,-73.886
10324933,Degraw St & Hoyt St,40.682,-73.991
4776061,Degraw St & Smith St,40.683,-73.993
12477387,Delancey St & Eldridge St,40.719,-73.991
1210303,Devoe St & Lorimer St,40.713,-73.949
7481777,Devoe St & Morgan Ave,40.714,-73.935
154618,Ditmars Blvd & 19 St,40.781,-73.918
12528566,Ditmars Blvd & 43 St,40.771,-73.904
451979,Ditmars Blvd & 48 St,40.769,-73.901
6641629,Ditmars Blvd & 73 St,40.768,-73.896
7375258,Ditmars Blvd & 76 St,40.768,-73.894
7381903,Ditmars Blvd & 79 St,40.769,-73.891
8283252,Division Ave & Hooper St,40.707,-73.954
6396889,Division Ave & Marcy Ave,40.707,-73.958
10152784,Division St & Bowery,40.714,-73.997
6063672,Dixon Mills,40.722,-74.05
10044590,Dock 72 Way & Market St,40.7,-73.971
6354557,Dock St & Front St,40.703,-73.993
1508331,Douglass St & 3 Ave,40.68,-73.984
515410,Douglass St & 4 Ave,40.679,-73.982
4026328,Driggs Ave & Lorimer St,40.722,-73.95
6865823,Driggs Ave & N 9 St,40.718,-73.955
1399646,Driggs Ave & N Henry St,40.723,-73.943
9504080,Duane St & Hudson St,40.717,-74.009
5433997,Duffield St & Willoughby St,40.692,-73.984
809665,Dwight St & Van Dyke St,40.674,-74.012
9014297,Dyckman St & 10 Ave,40.859,-73.923
4446939,Dyckman St & Henshaw St,40.867,-73.929
12794864,Dyckman St & Staff St,40.869,-73.932
6097005,E 1 St & 1 Ave,40.723,-73.989
6461355,E 10 St & 2 Ave,40.73,-73.987
994684,E 10 St & Avenue A,40.727,-73.981
10976546,E 102 St & 1 Ave,40.787,-73.942
307489,E 102 St & Park Ave,40.79,-73.95
1809501,E 103 St & Lexington Ave,40.79,-73.948
9413270,E 106 St & 1 Ave,40.789,-73.94
4645772,E 106 St & 2 Ave,40.791,-73.942
11106084,E 106 St & Lexington Ave,40.792,-73.946
6832887,E 106 St & Madison Ave,40.793,-73.949
2156065,E 109 St & 3 Ave,40.793,-73.943
3891608,E 11 St & 1 Ave,40.73,-73.984
9908340,E 11 St & 3 Ave,40.731,-73.988
285307,E 11 St & Avenue B,40.727,-73.98
535250,E 110 St & Madison Ave,40.796,-73.948
7742771,E 114 St & 1 Ave,40.795,-73.936
2599671,E 115 St & Lexington Ave,40.798,-73.942
4045154,E 115 St & Madison Ave,40.799,-73.945
2570329,E 116 St & 2 Ave,40.797,-73.937
9828105,E 118 St & 1 Ave,40.797,-73.935
200773,E 118 St & 3 Ave,40.799,-73.939
8815402,E 118 St & Madison Ave,40.801,-73.944
2640156,E 118 St & Park Ave,40.801,-73.942
8750506,E 12 St & 3 Ave,40.732,-73.989
10180106,E 12 St & Ave C,40.727,-73.977
401327,E 123 St & Lexington Ave,40.803,-73.938
4452369,E 128 St & 3 Ave,40.806,-73.934
813274,E 128 St & Madison Ave,40.808,-73.939
1648886,E 13 St & 2 Ave,40.732,-73.985
2201362,E 13 St & Avenue A,40.73,-73.981
1353800,E 132 St & Madison Ave,40.81,-73.937
6987414,E 133 St & Cypress Pl,40.803,-73.917
5610755,E 134 St & Walnut Ave,40.8,-73.911
2923693,E 135 St & St Ann's Ave,40.805,-73.919
12353450,E 138 St & 5 Av,40.814,-73.936
1917605,E 138 St & Canal St W,40.812,-73.929
9398515,E 138 St & Cypress Ave,40.806,-73.915
837045,E 138 St & Grand Concourse,40.813,-73.931
10230184,E 138 St & Park Ave,40.813,-73.929
11558427,E 138 St & Willow Ave,40.804,-73.912
2350641,E 14 St & 1 Ave,40.731,-73.983
3255033,E 14 St & Avenue B,40.729,-73.978
233426,E 141 St & Jackson Ave,40.807,-73.912
10115605,E 141 St & St Ann's Ave,40.809,-73.916
8328187,E 142 St & 3 Ave,40.813,-73.924
8813632,E 144 St & Brook Ave,40.812,-73.917
1225502,E 147 St & Bergen Ave,40.815,-73.918
4986631,E 149 St & Eagle Ave,40.814,-73.912
12765447,E 149 St & Jackson Ave,40.813,-73.909
10198046,E 149 St & Morris Ave,40.817,-73.923
4049232,E 149 St & Park Ave,40.818,-73.925
9322137,E 15 St & 3 Ave,40.734,-73.987
11019093,E 150 St & Gerard Ave,40.82,-73.929
2841924,E 153 St & E 157 St,40.827,-73.929
4658481,E 155 St & Courtlandt Ave,40.821,-73.918
3783882,E 156 & Brook Ave,40.82,-73.912
3937042,E 156 St & Courtlandt Ave,40.821,-73.917
4448909,E 157 St & River Ave,40.826,-73.927
12173911,E 158 St & Melrose Ave,40.822,-73.915
4962818,E 16 St & 5 Ave,40.737,-73.992
3129685,E 16 St & Irving Pl,40.735,-73.988
8700747,E 160 St & Tinton Ave,40.82,-73.904
12813296,E 161 St & Park Ave,40.825,-73.916
9276870,E 161 St & River Ave,40.828,-73.927
11031228,E 163 St & Tiffany St,40.821,-73.895
4682162,E 163 St & Union Ave,40.823,-73.902
3040967,E 165 St & Clay Ave,40.828,-73.913
10203382,E 165 St & Fox St,40.824,-73.894
11237683,E 165 St & Jerome Ave,40.833,-73.925
3010068,E 167 St & Bryant Ave,40.827,-73.889
2619229,E 167 St & Clay Ave,40.831,-73.911
7536108,E 167 St & Franklin Ave,40.829,-73.905
7789250,E 169 St & Fox St,40.827,-73.894
4877379,E 169 St & Webster Ave,40.834,-73.909
10908370,E 17 St & 2 Ave,40.734,-73.984
5127351,E 17 St & Broadway,40.737,-73.99
9849623,E 170 St & Clay Ave,40.837,-73.908
8338233,E 170 St & Sheridan Ave,40.838,-73.913
7497825,E 170 St & Webster Ave,40.836,-73.907
8507443,E 171 St & 3 Ave,40.837,-73.902
12644332,E 171 St & Webster Ave,40.838,-73.906
9784041,E 174 St & Longfellow Ave,40.836,-73.884
6197390,E 174 St & Walton Ave,40.845,-73.912
10346301,E 182 St & Morris Ave,40.857,-73.903
8407852,E 188 St & Creston Ave,40.862,-73.899
10480489,E 19 St & 3 Ave,40.736,-73.985
3729478,E 2 St & 2 Ave,40.725,-73.991
1621275,E 2 St & Avenue A,40.723,-73.986
135053,E 2 St & Avenue B,40.722,-73.984
3887923,E 2 St & Avenue C,40.721,-73.981
1939643,E 20 St & 2 Ave,40.736,-73.982
4304702,E 20 St & FDR Dr,40.733,-73.976
2205738,E 20 St & FDR Drive,40.733,-73.976
5705743,E 20 St & Park Ave,40.738,-73.988
11761688,E 201 St & Briggs Ave,40.872,-73.885
6239141,E 22 St & 2 Ave,40.737,-73.981
5962000,E 23 St & 1 Ave,40.737,-73.978
10062930,E 25 St & 1 Ave,40.738,-73.977
11627692,E 25 St & 2 Ave,40.739,-73.98
7328581,E 26 St & 3 Ave,40.741,-73.982
6701410,E 27 St & 1 Ave,40.739,-73.977
6628875,E 27 St & Park Ave S,40.743,-73.985
2293727,E 3 St & 1 Ave,40.725,-73.988
1069340,E 3 St & Church Ave,40.644,-73.977
7008321,E 30 St & Park Ave S,40.744,-73.983
3841108,E 31 St & 3 Ave,40.744,-73.98
1905089,E 32 St & Park Ave,40.746,-73.982
807413,E 33 St & 1 Ave,40.743,-73.974
6984406,E 33 St & 5 Ave,40.748,-73.985
11637663,E 35 St & Madison Ave,40.748,-73.983
4089707,E 39 St & 2 Ave,40.748,-73.974
252187,E 39 St & Lexington Ave,40.749,-73.977
6757512,E 4 St & 2 Ave,40.726,-73.99
4146400,E 4 St & Ave B,40.723,-73.983
2927544,E 40 St & 5 Ave,40.752,-73.982
11129123,E 40 St & Park Ave,40.751,-73.978
7432060,E 41 St & Madison Ave (SE corner),40.752,-73.98
3975229,E 41 St & Madison Ave (SW corner),40.752,-73.98
10468588,E 44 St & 2 Ave,40.751,-73.971
12763211,E 44 St & Lexington Ave,40.753,-73.975
4416444,E 45 St & 3 Ave,40.753,-73.973
2517471,E 47 St & 1 Ave,40.752,-73.968
6663850,E 47 St & 2 Ave,40.753,-73.97
4857963,E 47 St & Park Ave,40.755,-73.975
859667,E 48 St & 3 Ave,40.755,-73.972
9470011,E 48 St & 5 Ave,40.757,-73.978
3166914,E 5 St & Ave A,40.725,-73.984
3447581,E 5 St & Avenue C,40.723,-73.98
1336643,E 5 St & Cooper Sq,40.728,-73.991
7939993,E 50 St & Park Ave,40.757,-73.974
7889131,E 51 St & 1 Ave,40.755,-73.966
1107650,E 51 St & 2 Ave,40.755,-73.968
439179,E 51 St & Lexington Ave,40.757,-73.972
7530063,E 53 St & Lexington Ave,40.758,-73.971
8133593,E 53 St & Madison Ave,40.76,-73.974
4166950,E 54 St & 1 Ave,40.756,-73.964
6846929,E 55 St & 2 Ave,40.758,-73.966
1954518,E 56 St & 3 Ave,40.759,-73.968
9666834,E 56 St & Madison Ave,40.762,-73.973
2239063,E 58 St & 1 Ave (NE Corner),40.759,-73.962
10434510,E 58 St & 1 Ave (NW Corner),40.759,-73.963
7397386,E 58 St & 3 Ave,40.761,-73.967
3235778,E 58 St & Madison Ave,40.763,-73.972
11083473,E 59 St & Madison Ave,40.764,-73.971
7878803,E 6 St & 2 Ave,40.727,-73.988
12755626,E 6 St & Avenue B,40.725,-73.982
10516586,E 6 St & Avenue D,40.722,-73.977
822329,E 6 St 2 Ave,40.727,-73.988
6111165,E 60 St & York Ave,40.759,-73.959
7423892,E 63 St & 3 Ave,40.764,-73.965
12583693,E 65 St & 2 Ave,40.765,-73.962
4369946,E 66 St & Madison Ave,40.768,-73.968
3482244,E 67 St & Park Ave,40.768,-73.966
12239040,E 68 St & 3 Ave,40.767,-73.962
8977577,E 68 St & Madison Ave,40.769,-73.967
7178916,E 7 St & Ave B,40.725,-73.981
9215187,E 7 St & Ave C,40.724,-73.979
6145561,E 7 St & Avenue A,40.726,-73.984
760055,E 72 St & Park Ave,40.771,-73.964
3930301,E 72 St & York Ave,40.767,-73.953
1442975,E 74 St & 1 Ave,40.769,-73.955
5235414,E 75 St & 3 Ave,40.771,-73.958
6744073,E 76 St & Park Ave,40.774,-73.962
8678970,E 77 St & 3 Ave,40.773,-73.959
1151388,E 78 St & 2 Ave,40.773,-73.956
2128978,E 8 St & Caton Ave,40.648,-73.972
12368715,E 80 St & 2 Ave,40.774,-73.954
865427,E 81 St & 2 Ave,40.775,-73.954
4789706,E 81 St & 3 Ave,40.776,-73.957
1140705,E 81 St & Park Ave,40.777,-73.959
1748288,E 81 St & York Ave,40.773,-73.95
8034469,E 82 St & East End Ave,40.772,-73.947
3433835,E 84 St & 1 Ave,40.776,-73.951
9065642,E 84 St & Park Ave,40.779,-73.958
7231246,E 85 St & 3 Ave,40.778,-73.954
12015243,E 85 St & York Ave,40.775,-73.948
9533763,E 88 St & 1 Ave,40.778,-73.949
59264,E 88 St & Park Ave,40.781,-73.956
1199860,E 89 St & 3 Ave,40.781,-73.952
1108283,E 89 St & York Ave,40.778,-73.946
750585,E 9 St & 5 Ave,40.733,-73.996
979095,E 9 St & Avenue C,40.725,-73.978
8099667,E 91 St & 2 Ave,40.781,-73.95
12796731,E 91 St & Park Ave,40.784,-73.955
7893328,E 92 St & Park Ave,40.784,-73.954
11756764,E 93 St & 2 Ave,40.782,-73.949
6799286,E 95 St & 3 Ave,40.785,-73.951
2380618,E 97 St & 3 Ave,40.786,-73.949
9541653,E 97 St & Madison Ave,40.788,-73.954
7115559,E 98 St & Park Ave,40.788,-73.952
10594662,E Burnside Ave & Ryer Ave,40.851,-73.901
11670605,E Fordham Rd & Webster Ave,40.862,-73.891
3213519,E Houston St & Columbia St,40.72,-73.979
10118487,E Mosholu Pkwy & E 204 St,40.874,-73.883
11872302,E Mosholu Pkwy & Van Cortlandt Ave E,40.877,-73.884
10132815,E Tremont Ave & E 176 St,40.848,-73.902
9848683,E Tremont Ave & Jerome Ave,40.852,-73.909
12799994,East End Ave & E 86 St,40.775,-73.944
11598718,Eastern Pkwy & Franklin Ave,40.671,-73.958
7119368,Eastern Pkwy & Washington Ave,40.672,-73.963
2226639,Edgecombe Ave & W 141 St,40.821,-73.945
8783624,Edgecombe Ave & W 145 St,40.823,-73.944
8303072,Edgecombe Ave & W 150 St,40.827,-73.941
10946318,Edgecombe Ave & W 167 St,40.838,-73.936
3686003,Eldert St & Bushwick Ave,40.687,-73.913
1540346,Emerson Pl & Myrtle Ave,40.694,-73.962
1077316,Engert Ave & McGuinness Blvd,40.722,-73.945
1419171,Essex Light Rail,40.713,-74.036
11616469,Evergreen Ave & Noll St,40.701,-73.933
7112214,FDR Drive & E 35 St,40.744,-73.971
6648951,Faile St & Garrison Ave,40.821,-73.888
10082105,Fairmount Ave,40.726,-74.072
12700452,Fairview Ave & Linden St,40.707,-73.906
98835,Featherbed Ln & Jerome Ave,40.846,-73.914
11050749,Featherbed Ln & Nelson Ave,40.846,-73.92
4868188,Flatbush Ave & Eastern Pkwy,40.669,-73.966
7104047,Flatbush Ave & Ocean Ave,40.664,-73.963
12447340,Flushing Ave & Vanderbilt Ave,40.698,-73.971
1457708,Flushing Ave & Woodward Ave,40.712,-73.919
383781,Folin St & E 181 St,40.854,-73.898
1624364,Forest Ave & Summerfield St,40.699,-73.898
12822671,Forsyth St & Broome St,40.719,-73.993
687827,Forsyth St & Canal St,40.716,-73.994
10608862,Forsyth St\t& Grand St,40.718,-73.993
2523638,Fort Washington Ave & W 173 St,40.845,-73.94
5802250,Fort Washington Ave & W 183 St,40.852,-73.938
9345213,Franklin Ave & E 169 St,40.832,-73.902
9458829,Franklin Ave & Myrtle Ave,40.695,-73.958
5779199,Franklin Ave & St Marks Ave,40.676,-73.956
11726607,Franklin St & Dupont St,40.736,-73.959
5395731,Franklin St & W Broadway,40.719,-74.007
10036701,Frederick Douglass Blvd & Harlem River Dr,40.831,-73.936
11202532,Frederick Douglass Blvd & W 112 St,40.802,-73.957
6954075,Frederick Douglass Blvd & W 115 St,40.804,-73.956
770830,Frederick Douglass Blvd & W 117 St,40.805,-73.955
12225223,Frederick Douglass Blvd & W 129 St,40.813,-73.949
8527757,Frederick Douglass Blvd & W 139 St,40.819,-73.945
5722549,Frederick Douglass Blvd & W 145 St,40.823,-73.942
3077190,Freeman St & Reverend James A Polite Ave,40.831,-73.895
7310555,Freeman St & Southern Blvd,40.83,-73.892
8570118,Front St & Gold St,40.702,-73.983
1122124,Front St & Jay St,40.702,-73.987
7144905,Front St & Washington St,40.703,-73.989
7071518,Frost St & Debevoise Ave,40.719,-73.939
6837959,Frost St & Meeker Ave,40.718,-73.949
1694783,Ft. Hamilton Pkwy & E 2 St,40.648,-73.979
3930300,Ft. Hamilton Pkwy & E 5 St,40.649,-73.977
6080285,Ft. Washington Ave & W 190 St,40.857,-73.936
12411326,Fulton Ave & E 168 St,40.83,-73.905
9265779,Fulton Ave & E 172 St,40.839,-73.899
4708899,Fulton Ave & St. Paul's Pl,40.835,-73.902
2352879,Fulton St & Adams St,40.692,-73.989
2832956,Fulton St & Broadway,40.711,-74.009
6247717,Fulton St & Clermont Ave,40.684,-73.969
11960261,Fulton St & Irving Pl,40.682,-73.959
1627391,Fulton St & Pearl St,40.708,-74.004
7603870,Fulton St & Utica Ave,40.679,-73.93
11222024,Fulton St & Waverly Ave,40.683,-73.966
1853598,Fulton St & William St,40.71,-74.007
5954134,Gansevoort St & Hudson St,40.739,-74.005
9909976,Garfield Pl & 8 Ave,40.671,-73.975
7171817,Garrison Ave & Manida St,40.819,-73.89
12773696,George St & Wilson Ave,40.703,-73.93
4847192,Gerard Ave & E 146 St,40.818,-73.93
9228851,Gerard Ave & E 164 St,40.83,-73.923
8734501,Gerard Ave & E 165 St,40.832,-73.922
2801841,Gerard Ave & McClellan St,40.834,-73.921
8117996,Goble Pl & Macombs Rd,40.844,-73.917
2884906,Goulden Ave & Bedford Park Blvd W,40.874,-73.895
11706592,Goulden Ave & W 197 St,40.872,-73.897
10090984,Goulden Ave & W 205 St,40.878,-73.892
10365383,Graham Ave & Conselyea St,40.715,-73.945
6440159,Graham Ave & Grand St,40.712,-73.944
9717468,Graham Ave & Herbert St,40.719,-73.945
8573839,Graham Ave & Withers St,40.717,-73.945
1728747,Grand Army Plaza & Central Park S,40.764,-73.974
5311959,Grand Army Plaza & Plaza St West,40.673,-73.971
490522,Grand Ave & Bergen St,40.678,-73.962
11664281,Grand Ave & W 181 St,40.856,-73.907
10743535,Grand Ave & W Fordham Rd,40.863,-73.903
5419571,Grand Concourse & E 144 St,40.817,-73.928
9774955,Grand Concourse & E 156 St,40.823,-73.925
6264770,Grand Concourse & E 161 St,40.827,-73.923
9174616,Grand Concourse & E 164 St,40.83,-73.921
7071303,Grand Concourse & E 166 St,40.832,-73.92
4258274,Grand Concourse & E 167 St,40.834,-73.918
5565860,Grand Concourse & E 171 St,40.84,-73.913
3426101,Grand Concourse & E 175 St,40.846,-73.909
9825942,Grand Concourse & E 192 St,40.864,-73.895
11233895,Grand Concourse & E 196 St,40.868,-73.893
622701,Grand Concourse & E 197 St,40.869,-73.891
4949632,Grand Concourse & E 199 St,40.871,-73.888
10750639,Grand Concourse & E 203 St,40.874,-73.887
6834696,Grand Concourse & E 205 St,40.876,-73.886
5497552,Grand Concourse & E Mosholu Pkwy S,40.878,-73.885
1890726,Grand Concourse & East Mount Eden Ave,40.843,-73.912
11372402,Grand St,40.715,-74.038
5318523,Grand St & 14 St,40.754,-74.032
1588225,Grand St & Elizabeth St,40.719,-73.996
5211009,Grand St & Greene St,40.722,-74.002
9810925,Grand St & Havemeyer St,40.713,-73.957
7764824,Grand St & Samuel Dickstein Plaza,40.715,-73.984
11103571,Grant Ave & E 169 St,40.836,-73.914
7475623,Great Jones St,40.727,-73.994
7353646,Green St & McGuinness Blvd,40.734,-73.952
4328820,Greene Av & Myrtle Av,40.699,-73.919
4643918,Greene Ave & Grandview Ave,40.71,-73.908
12780358,Greene Ave & Nostrand Ave,40.688,-73.951
5181240,Greene Ave & Throop Ave,40.689,-73.942
9797905,Greene St & Prince St,40.725,-73.999
5344473,Greenpoint Ave & Manhattan Ave,40.73,-73.954
2152921,Greenwich Ave & 8 Ave,40.739,-74.003
173543,Greenwich Ave & Charles St,40.735,-74.0
6235865,Greenwich St & Hubert St,40.721,-74.01
374121,Greenwich St & Perry St,40.735,-74.007
3629603,Greenwich St & Rector St,40.708,-74.014
3296726,Greenwich St & W Houston St,40.729,-74.009
3304152,Greenwood Ave & E 4 St,40.651,-73.978
6614577,Grove St & Broadway,40.69,-73.924
9507042,Grove St PATH,40.72,-74.043
2101933,Halsey St & Broadway,40.686,-73.916
9315442,Halsey St & Evergreen Ave,40.689,-73.912
1309427,Halsey St & Tompkins Ave,40.682,-73.944
9079547,Hamilton Park,40.728,-74.044
1212032,Hamilton Pl & W 138 St,40.822,-73.953
6322282,Hamilton Pl & W 140 St,40.823,-73.951
5214142,Hancock St & Bedford Ave,40.682,-73.954
12827482,Hancock St & Wyckoff Ave,40.697,-73.907
11674727,Hanson Pl & Ashland Pl,40.685,-73.978
12084169,Harborside,40.719,-74.034
9886212,Harlem River Dr & W 155 St,40.83,-73.94
8523896,Harman St & Seneca Ave,40.706,-73.913
1932660,Harrison Pl & Porter Ave,40.707,-73.929
6825071,Harrison St & Hudson St,40.719,-74.009
3323357,Hart St & Wyckoff Ave,40.705,-73.92
2887920,Hazen St & 20 Ave,40.772,-73.895
7955444,Heights Elevator,40.749,-74.04
9643656,Henry St & Atlantic Ave,40.691,-73.996
435951,Henry St & Bay St,40.673,-74.005
10474194,Henry St & Degraw St,40.685,-73.999
52467,Henry St & Grand St,40.714,-73.981
10236375,Henry St & Middagh St,40.7,-73.992
11617253,Henry St & Remsen St,40.694,-73.995
11189476,Henry St & W 9 St,40.676,-74.003
11309665,Hicks St & Montague St,40.695,-73.996
4716680,Hoboken Ave at Monmouth St,40.735,-74.047
7185539,Hoboken Terminal - Hudson St & Hudson Pl,40.736,-74.03
12299724,Hoboken Terminal - River St & Hudson Pl,40.736,-74.029
9315505,Hoe Ave & Jennings St,40.832,-73.89
12398322,Home St & Westchester Ave,40.828,-73.887
12586877,Hope St & Union Ave,40.712,-73.951
5064301,Howard St & Lafayette St,40.719,-74.0
6859536,Hoyt St & Warren St,40.684,-73.989
6659016,Hudson Blvd E & W 36 St,40.756,-74.0
566404,Hudson St & 4 St,40.741,-74.029
2839457,Hudson St & N Moore St,40.72,-74.009
2106483,Hudson St & Reade St,40.716,-74.009
2584929,Hudson St & W 13 St,40.74,-74.005
12514896,Humboldt St & Varet St,40.703,-73.941
3975278,Hunts Point Ave & Bryant Ave,40.814,-73.886
10002801,Huron St & Franklin St,40.733,-73.958
10376840,Icahn Stadium,40.793,-73.924
5428882,India St & Manhattan Ave,40.732,-73.955
52558,India St Pier,40.732,-73.961
3281640,Intervale Ave & Kelly St,40.827,-73.896
2567371,Intervale Ave & Westchester Ave,40.822,-73.897
10582924,Inwood Ave & W 170 St,40.841,-73.919
3635971,Irving Ave & DeKalb Ave,40.703,-73.921
2260174,Irving Ave & Halsey St,40.695,-73.907
11145680,Irving Ave & Harman St,40.701,-73.918
10366751,Irving Ave & Jefferson St,40.705,-73.925
12479789,Irving Ave & Palmetto St,40.698,-73.913
12476939,Isham St & Broadway,40.868,-73.92
11606722,JC Medical Center,40.717,-74.05
11202685,Jackson Ave & 46 Rd,40.745,-73.947
7917094,Jackson St & Leonard St,40.716,-73.948
4039235,Jay St & Tech Pl,40.695,-73.987
4356686,Jay St & York St,40.701,-73.987
10596402,Jefferson Ave & Evergreen Ave,40.69,-73.915
3246740,Jefferson St & Cypress Ave,40.709,-73.922
9923518,Jerome Ave & Anderson Ave,40.83,-73.929
10532760,Jerome Ave & Bedford Park Blvd E,40.873,-73.89
12082579,Jerome Ave & E 164 St,40.831,-73.926
9723402,Jerome Ave & E 181 St,40.856,-73.906
2669138,Jerome Ave & E 198 St,40.871,-73.893
11136199,Jerome Ave & E Mosholu Parkway S,40.879,-73.885
6109905,Jerome Ave & Ogden Ave,40.83,-73.931
5192884,Jerome Ave & W 177 St,40.85,-73.911
9405827,Jerome Ave & W 184 St,40.861,-73.903
3071130,Jerome Ave & W 193 St,40.867,-73.898
5708154,Jerome Ave & W 195 St,40.869,-73.897
12487284,Jerome Ave & W Fordham Rd,40.863,-73.901
5562462,Jersey & 3rd,40.723,-74.046
7601371,Jersey & 6th St,40.725,-74.046
420064,John St & William St,40.709,-74.007
6184126,Johnson St & Gold St,40.695,-73.984
5973897,Kane St & Clinton St,40.686,-73.996
2636024,Kenmare St & Elizabeth St,40.721,-73.995
11257550,Kent Ave & Division Ave,40.707,-73.968
4862692,Kent Ave & N 7 St,40.72,-73.962
1672306,Kent Ave & S 11 St,40.708,-73.968
5005435,Kent St & McGuinness Blvd,40.731,-73.952
10287100,King St & Varick St,40.728,-74.005
12597130,Kingsland Ave & Nassau Ave,40.726,-73.942
2876657,Kingston Ave & Herkimer St,40.679,-73.941
4210946,Knickerbocker Ave & Cooper St,40.691,-73.904
11078883,Knickerbocker Ave & George St,40.704,-73.928
10104829,Knickerbocker Ave & Halsey St,40.693,-73.908
12721328,Knickerbocker Ave & Hancock St,40.694,-73.91
2696004,Knickerbocker Ave & Thames St,40.705,-73.93
3665944,Kosciuszko St & Nostrand Ave,40.691,-73.951
4186864,Kosciuszko St & Tompkins Ave,40.691,-73.945
7623745,LaGuardia Pl & W 3 St,40.729,-73.998
335065,Lab - NYC,40.754,-73.996
10134272,Lafayette Ave & Classon Ave,40.689,-73.96
746837,Lafayette Ave & Ft Greene Pl,40.687,-73.977
3677729,Lafayette Ave & Hunts Point Ave,40.817,-73.888
8813418,Lafayette Ave & St James Pl,40.689,-73.965
11154948,Lafayette St & E 8 St,40.73,-73.991
12770979,Lafayette St & Jersey St,40.725,-73.996
4367310,Laight St & Hudson St,40.722,-74.008
3843144,Lawrence St & Willoughby St,40.692,-73.986
9319378,Lefferts Pl & Franklin Ave,40.68,-73.956
11018352,Lenox Ave & W 111 St,40.799,-73.952
12050858,Lenox Ave & W 115 St,40.801,-73.95
9914594,Lenox Ave & W 117 St,40.803,-73.949
11894700,Lenox Ave & W 126 St,40.808,-73.945
7003816,Lenox Ave & W 130 St,40.811,-73.943
5093518,Lenox Ave & W 133 St,40.813,-73.942
11465886,Lenox Ave & W 140 St,40.817,-73.939
6823939,Lenox Ave & W 144 St,40.82,-73.937
643469,Lenox Ave & W 146 St,40.821,-73.936
10070459,Leonard St & Boerum St,40.706,-73.946
341917,Leonard St & Church St,40.718,-74.006
2589802,Leonard St & Maujer St,40.71,-73.947
6425083,Leonard St & Nassau Ave,40.724,-73.95
6819491,Lewis Ave & Decatur St,40.681,-73.935
6252414,Lewis Ave & Kosciuszko St,40.692,-73.937
10555566,Lewis Ave & Madison St,40.686,-73.936
12194595,Lexington Ave & Classon Ave,40.687,-73.959
2618281,Lexington Ave & E 111 St,40.795,-73.944
8740305,Lexington Ave & E 120 St,40.801,-73.94
1060696,Lexington Ave & E 127 St,40.806,-73.936
1079336,Lexington Ave & E 128 St,40.806,-73.936
673692,Lexington Ave & E 24 St,40.74,-73.984
3007917,Lexington Ave & E 26 St,40.741,-73.983
11752670,Lexington Ave & E 29 St,40.743,-73.982
289449,Lexington Ave & E 36 St,40.748,-73.979
10199996,Liberty Light Rail,40.711,-74.056
10730597,Liberty St & Nassau St,40.709,-74.009
2511320,Lincoln Ave & E 134 St,40.808,-73.929
8333623,Lincoln Ave & E 138 St,40.811,-73.927
10662863,Lincoln Pl & Classon Ave,40.672,-73.961
2407516,Linden St & Knickerbocker Ave,40.697,-73.916
2053500,Lispenard St & Broadway,40.719,-74.002
2039131,Little West St & 1 Pl,40.706,-74.017
6996893,Longfellow Ave & E 165 St,40.825,-73.888
11950365,Longwood Ave & Southern Blvd,40.816,-73.896
1396760,Lorimer St & Broadway,40.704,-73.948
9297982,Loring Pl North & W 183 St,40.86,-73.909
6543834,Louis Nine Blvd & Intervale Ave,40.832,-73.893
11500278,MacDougal St & Prince St,40.727,-74.003
8141442,MacDougal St & Washington Sq,40.732,-73.999
11028371,Macombs Pl & W 152 St,40.826,-73.938
6257053,Macombs Rd & Featherbed Ln,40.846,-73.917
3613520,Macombs Rd & W 175 St,40.848,-73.916
12500674,Macon St & Nostrand Ave,40.681,-73.95
10358510,Madison Av & E 51 St,40.759,-73.975
8939005,Madison Ave & E 120 St,40.803,-73.943
7156412,Madison Ave & E 26 St,40.743,-73.987
5781954,Madison Ave & E 82 St,40.778,-73.961
9859958,Madison Ave & E 99 St,40.789,-73.952
8165705,Madison St & 10 St,40.75,-74.036
6950906,Madison St & Clinton St,40.713,-73.988
243959,Madison St & Cypress Ave,40.701,-73.907
12320446,Madison St & Evergreen Ave,40.691,-73.917
7188754,Madison St & Forest Ave,40.706,-73.902
7247606,Madison St & Montgomery St,40.713,-73.985
91091,Madison St & Seneca Ave,40.702,-73.906
11356363,Madison St & Woodward Ave,40.704,-73.904
8872147,Maiden Ln & Pearl St,40.707,-74.007
4555992,Manhattan Av & Leonard St,40.721,-73.948
6850657,Manila & 1st,40.722,-74.043
7213233,Marcus Garvey Blvd & Macon St,40.683,-73.938
11884456,Marcy Ave & Lafayette Ave,40.69,-73.948
1247275,Margaret Corbin Plz & Ft Washington Ave,40.859,-73.934
6594112,Marin Light Rail,40.715,-74.043
6464712,Marion Ave & Mosholu Pkwy,40.87,-73.882
4081716,Market St & Cherry St,40.711,-73.994
11175540,Market St & Henry St,40.713,-73.994
8260709,Marshall St & 2 St,40.741,-74.043
8988568,McDonald Ave & Vanderbilt St,40.652,-73.981
9303379,McGinley Square,40.725,-74.068
11553672,McGuinness Blvd & Eagle St,40.736,-73.953
8201156,McKibbin St & Bogart St,40.706,-73.934
1692701,McKibbin St & Manhattan Ave,40.705,-73.944
1639506,Melrose Ave & E 150 St,40.817,-73.917
2546672,Melrose Ave & E 154 St,40.82,-73.916
6915387,Melrose St & Broadway,40.697,-73.936
900797,Menahan St & Central Ave,40.695,-73.92
2720010,Menahan St & Onderdonk Ave,40.706,-73.91
6516828,Menahan St & Seneca Ave,40.705,-73.911
7351410,Menahan St & Wyckoff Ave,40.701,-73.914
4144075,Mercer St & Bleecker St,40.727,-73.997
8555011,Mercer St & Spring St,40.724,-73.999
9673190,Meserole Ave & Manhattan Ave,40.727,-73.953
2902045,Metropolitan Ave & Bedford Ave,40.715,-73.96
11850155,Metropolitan Ave & Meeker Ave,40.714,-73.952
11829947,Metropolitan Ave & Stewart Ave,40.714,-73.928
6529685,Metropolitan Ave & Vandervoort Ave,40.714,-73.933
12135834,Milton St & Franklin St,40.729,-73.958
9879822,Moffat St & Bushwick,40.685,-73.909
4062494,Monmouth and 6th,40.726,-74.049
7716478,Monroe St & Bedford Ave,40.685,-73.954
11953280,Monroe St & Classon Ave,40.685,-73.959
1354321,Monroe St & Tompkins Ave,40.686,-73.945
107621,Montague St & Clinton St,40.694,-73.992
6280231,Montgomery St,40.719,-74.051
4219814,Montgomery St & Franklin Ave,40.666,-73.961
549180,Montrose Ave & Bushwick Ave,40.708,-73.94
6447329,Morgan Ave & Lombardy St,40.722,-73.939
5561112,Morgan Ave & Maspeth Ave,40.717,-73.936
6527778,Morgan Bike Mechanics,40.71,-73.931
8599317,Morgan Loading Docks,40.709,-73.931
418776,Morgan Tech Shop parts testing,40.703,-73.932
9413879,Morgan WH station,40.71,-73.932
6997720,Morningside Ave & W 123 St,40.81,-73.955
3963049,Morningside Dr & Amsterdam Ave,40.81,-73.957
8157822,Morris Ave & E 142 St,40.814,-73.925
6338358,Morris Ave & E 153 St,40.82,-73.921
10654829,Morris Ave & E 163 St,40.827,-73.918
7928076,Morris Ave & E 171 St,40.839,-73.911
8272379,Morris Ave & E 184 St,40.86,-73.901
5830787,Morris Ave & E Burnside Ave,40.853,-73.905
4379075,Morris Ave & McClellan St,40.832,-73.915
9474851,Morris Canal,40.712,-74.039
4039899,Morton St & Washington St,40.731,-74.009
12250208,Motorgate,40.764,-73.948
10063995,Mott St & Prince St,40.723,-73.995
10715057,Mount Eden Pkwy & Eastburn Ave,40.843,-73.909
10576120,Mt Morris Park W & W 120 St,40.804,-73.946
641635,Murray St & Greenwich St,40.715,-74.011
7981279,Murray St & West St,40.715,-74.013
12129817,Murray St\t& West St,40.715,-74.012
12329048,Myrtle Ave & Fleet Pl,40.694,-73.982
12000303,Myrtle Ave & Grove St,40.699,-73.915
7412194,Myrtle Ave & Lewis Ave,40.697,-73.938
5880962,Myrtle Ave & Linden St,40.699,-73.913
1988744,Myrtle Ave & Marcy Ave,40.695,-73.95
2052197,Myrtle Ave & St Edwards St,40.693,-73.977
5138201,N 11 St & Kent Ave,40.722,-73.959
2668334,N 12 St & Bedford Ave,40.721,-73.955
8891539,N 15 St & Wythe Ave,40.724,-73.956
5568318,N 6 St & Bedford Ave,40.717,-73.959
8553430,N Moore St & Hudson St,40.72,-74.008
8215874,Nagle Ave & Ellwood St,40.86,-73.928
2890481,Nagle Ave & Thayer St,40.861,-73.926
9727696,Nassau Ave & Newell St,40.725,-73.948
4572726,Nassau Ave & Russell St,40.726,-73.944
10098638,Nassau St & Navy St,40.698,-73.981
4196783,Nassau St\t& Duffield St,40.698,-73.984
12245260,Nelson Ave & 167 St,40.837,-73.926
8694959,Nelson Ave & W 172 St,40.844,-73.921
3353483,Nevins St & Schermerhorn St,40.687,-73.982
11102571,Newark Ave,40.722,-74.046
6370669,Newport PATH,40.727,-74.034
12187295,Newport Pkwy,40.729,-74.032
6726895,Newton Rd & 44 St,40.76,-73.914
7273332,Newtown Ave & 23 St,40.771,-73.925
12798308,Norfolk St & Broome St,40.717,-73.988
9910443,Norman St & Wyckoff Ave,40.695,-73.903
4729103,North Moore St & Greenwich St,40.72,-74.01
10025291,Nostrand Ave & Myrtle Ave,40.695,-73.952
3271508,Ocean Pkwy & Church Ave,40.645,-73.975
12248791,Ogden Ave & Merriam Ave,40.839,-73.926
4845883,Ogden Ave & W 164 St,40.833,-73.929
11609149,Ogden Ave & W 165 St,40.834,-73.928
1196250,Old Broadway & W 133 St,40.818,-73.955
11888668,Old Fulton St,40.703,-73.994
10777767,Old Slip & South St,40.703,-74.008
2234859,Onderdonk Ave & Dekalb Ave,40.709,-73.915
11124017,Onderdonk Ave & Gates Ave,40.704,-73.907
9636174,Orchard St & Grand St,40.717,-73.991
12695347,Pacific St & Classon Ave,40.679,-73.959
6901595,Pacific St & Nevins St,40.685,-73.983
1388998,Parade Pl & Crooke Ave,40.652,-73.965
6588701,Park Ave & E 124 St,40.805,-73.94
12469762,Park Ave & E 162 St,40.826,-73.916
7453879,Park Ave & Marcus Garvey Blvd,40.699,-73.941
3915092,Park Ave & St Edwards St,40.696,-73.978
10602160,Park Cir & East Dr,40.652,-73.972
9293294,Park Pl & Church St,40.713,-74.009
4506516,Park Pl & Franklin Ave,40.674,-73.956
12035669,Paul Ave & Mosholu Pkwy,40.88,-73.886
8904050,Paul Ave & W 205 St,40.877,-73.889
4293560,Paulus Hook,40.714,-74.034
1807727,Pearl St & Hanover Square,40.705,-74.009
5811907,Pearl St & Peck Slip,40.708,-74.003
5937339,Perry St & Bleecker St,40.735,-74.005
11795035,Perry St & Greenwich Ave,40.736,-74.001
10374248,Picnic Point,40.685,-74.025
4478512,Pier 40 - Hudson River Park,40.728,-74.011
1157586,Pier 40 Dock Station,40.729,-74.012
6303085,Pier 40 X2,40.728,-74.012
271493,Pierrepont St & Monroe Pl,40.695,-73.993
1602055,Pike St & E Broadway,40.714,-73.993
12296829,Pike St & Monroe St,40.712,-73.992
10975987,Pinehurst Ave & W 187 St,40.855,-73.938
1365600,Pioneer St & Richards St,40.678,-74.009
4219351,Pioneer St & Van Brunt St,40.679,-74.011
8560125,Pitt St & Stanton St,40.719,-73.982
6695658,Plaza Dr & W 170 St,40.84,-73.918
10682918,Plaza St East & Flatbush Ave,40.673,-73.969
12568692,Plaza St West & Flatbush Ave,40.675,-73.971
7922426,Pleasant Ave & E 116 St,40.795,-73.933
8794489,Pleasant Ave & E 120 St,40.797,-73.931
10568923,Popham Ave & W 174 St,40.848,-73.922
5270765,Powers St & Olive St,40.713,-73.939
8013120,President St & 4 Ave,40.677,-73.983
1182346,President St & Henry St,40.683,-74.0
8869199,Prospect Ave & E 151 St,40.814,-73.904
5880412,Prospect Ave & E 167 St,40.826,-73.899
5120561,Prospect Ave & Greenwood Ave,40.652,-73.976
10241027,Prospect Ave & Jennings St,40.832,-73.897
2888717,Prospect Ave & Longwood Ave,40.819,-73.902
6769577,Prospect Ave & Vanderbilt St,40.653,-73.976
5088420,Prospect Park SW & 10 Ave,40.66,-73.978
5928816,Prospect Park SW & 16 St,40.657,-73.974
351700,Prospect Park SW & Greenwood Ave,40.653,-73.973
11070868,Prospect Park SW & Vanderbilt St,40.655,-73.973
9657416,Prospect Park W & 20 St,40.657,-73.984
39325,Prospect Park West & 8 St,40.665,-73.976
5646823,Prospect Pl & 6 Ave,40.679,-73.975
10885029,Prospect Pl & Underhill Ave,40.677,-73.966
8732157,Prospect Pl & Vanderbilt Ave,40.678,-73.969
12151881,Pulaski St & Marcus Garvey Blvd,40.693,-73.94
266354,Putnam Ave & Knickerbocker Ave,40.695,-73.912
9011933,Putnam Ave & Nostrand Ave,40.684,-73.95
6843141,Putnam Ave & Throop Ave,40.685,-73.941
12415887,Putnam Ave & Wyckoff Ave,40.698,-73.909
12044014,Queens Plaza North & Crescent St,40.751,-73.941
1195477,Railroad Ave & Kay Ave,40.705,-73.971
716372,Reade St & Broadway,40.715,-74.006
12820391,Richards St & Delavan St,40.679,-74.008
5923009,Richardson St & N Henry St,40.719,-73.942
904155,River Ave & E 151 St,40.822,-73.929
11681773,River Ave & E 153 St,40.824,-73.928
4376027,River Ave & McClellan St,40.834,-73.922
6373292,River Ter & Warren St,40.718,-74.016
10299920,Riverside Blvd & W 67 St,40.778,-73.989
9069237,Riverside Dr & Broadway,40.865,-73.928
8451560,Riverside Dr & W 104 St,40.801,-73.971
1583179,Riverside Dr & W 138 St,40.823,-73.956
10651737,Riverside Dr & W 145 St,40.827,-73.952
12843223,Riverside Dr & W 148 St,40.829,-73.95
11622296,Riverside Dr & W 153 St,40.832,-73.95
99117,Riverside Dr & W 72 St,40.781,-73.986
6741540,Riverside Dr & W 78 St,40.784,-73.984
7331127,Riverside Dr & W 82 St,40.787,-73.981
4621949,Riverside Dr & W 91 St,40.793,-73.977
81959,Riverview Park,40.744,-74.044
223440,Rivington St & Chrystie St,40.721,-73.992
9309970,Rivington St & Ridge St,40.719,-73.983
4374556,Rockaway Ave & Bainbridge St,40.683,-73.912
2557422,Roebling St & N 4 St,40.715,-73.957
10889659,Rogers Ave & Sterling St,40.663,-73.954
1734247,Rogers Pl & E 165 St,40.824,-73.897
566330,Roosevelt Island Tramway,40.757,-73.954
11659464,Rutgers St & Henry St,40.713,-73.99
6153010,Ryer Ave & E 182 St,40.856,-73.9
8293123,S 3 St & Bedford Ave,40.713,-73.963
2693933,S 4 St & Rodney St,40.709,-73.956
12680435,S 4 St & Wythe Ave,40.713,-73.966
8282235,S 5 Pl & S 5 St,40.71,-73.961
2624638,S Portland Ave & Hanson Pl,40.685,-73.974
6635788,Sands St & Jay St,40.7,-73.986
6383520,Sands St Gate,40.7,-73.98
2744186,Schermerhorn St & Bond St,40.688,-73.985
10486366,Schermerhorn St & Court St,40.691,-73.992
6274153,Scholes St & Manhattan Ave,40.709,-73.945
12564195,Seaman Ave & Beak St,40.868,-73.926
11755480,Seaman Ave & Isham St,40.87,-73.921
8637171,Sedgwick Ave & Hall of Fame Tce,40.86,-73.913
10080557,Sedgwick Ave & W Burnside Ave,40.855,-73.917
7076659,Sedgwick Ave & W Tremont Ave,40.853,-73.918
10126101,Seneca Ave & Irvine St,40.819,-73.889
2248078,Shakespeare Ave & W 169 St,40.839,-73.922
7926325,Sharon St & Olive St,40.715,-73.939
10527725,Sharon St & Olive St_new,40.715,-73.939
4509833,Sheridan Ave & E 168 St,40.835,-73.915
5675942,Sheridan Ave & E 172 St,40.84,-73.911
4780876,Sherman Ave & E 166 St,40.831,-73.917
10457501,Sherman Ave & Thayer St,40.863,-73.927
5367204,Shore Blvd & Astoria Park,40.78,-73.923
6288058,Sigourney St & Columbia St,40.673,-74.009
12158183,Skillman Ave & 32 Pl,40.747,-73.932
12163992,Skillman Ave & 43 Ave,40.747,-73.932
12374206,Skillman Ave & Honeywell St,40.747,-73.929
7620123,Smith St & 3 St,40.679,-73.996
713658,Smith St & 9 St,40.675,-73.998
11097211,Soissons Landing,40.692,-74.015
8267112,Somers St & Broadway,40.679,-73.905
11197786,South St & Broad St,40.702,-74.011
7570981,South St & Gouverneur Ln,40.704,-74.007
1584628,South St & Pike St,40.71,-73.992
11016493,South St & Whitehall St,40.701,-74.012
9805386,Southern Blvd & Avenue St. John,40.813,-73.902
12026947,Southern Blvd & E 142 St,40.807,-73.908
1592134,Southern Blvd & E 149 St,40.812,-73.904
10716085,Southern Blvd & E 172 St,40.834,-73.89
47127,Southern Blvd & E 174 St,40.837,-73.888
12169168,Southern Blvd & E 175 St,40.839,-73.886
11039343,Southern Blvd & Tiffany St,40.818,-73.894
2642647,Southpoint Park,40.754,-73.959
10775454,Spring St & Hudson St,40.726,-74.008
4524463,Spruce St & Gold St,40.71,-74.004
8868325,Spruce St & Nassau St,40.711,-74.006
6018287,St Ann's Ave & Westchester Ave,40.816,-73.912
11085665,St James Pl & Oliver St,40.713,-73.999
258892,St James Pl & Pearl St,40.711,-74.0
9872987,St Johns Pl & Washington Ave,40.674,-73.963
6183620,St Marks Pl & 1 Ave,40.728,-73.986
6722481,St Marks Pl & 2 Ave,40.728,-73.987
5486692,St Marks Pl & 4 Ave,40.682,-73.98
4242197,St Mary's St & Jackson Ave,40.809,-73.911
6697918,St Nicholas Ave & Manhattan Ave,40.81,-73.953
448149,St Nicholas Ave & W 134 St,40.816,-73.948
12033683,St Nicholas Ave & W 137 St,40.818,-73.948
9099147,St Nicholas Ave & W 150 St,40.827,-73.943
8626180,St. Ann's Av & Bruckner Blvd,40.803,-73.92
3831382,St. Ann's Ave & E 144 St,40.811,-73.915
6342923,St. Nicholas Ave & W 126 St,40.811,-73.952
10212640,St. Nicholas Ave & W 155 St,40.831,-73.941
9713919,St. Nicholas Ave & W 157 St,40.832,-73.941
11703455,St. Nicholas Terrace & Convent Ave,40.821,-73.948
6958660,Stagg St & Morgan Ave,40.711,-73.934
467650,Stagg St & Union Ave,40.709,-73.951
3654453,Stanhope St & Fairview Ave,40.71,-73.911
3966118,Stanton St & Chrystie St,40.722,-73.991
6997979,Stanton St & Mangin St,40.718,-73.976
4975268,Stanton St & Norfolk St,40.721,-73.986
2103319,State St & Smith St,40.689,-73.989
1101798,Steinway St & 19 Ave,40.778,-73.9
8132498,Steinway St & 21 Ave,40.775,-73.904
8389442,Steinway St & 23 Ave,40.771,-73.908
3949601,Steinway St & 28 Ave,40.766,-73.914
2525467,Steinway St & Broadway,40.759,-73.919
6022215,Steinway St & Ditmars Blvd,40.773,-73.906
8263374,Stephen St & Seneca Ave,40.699,-73.901
4651969,Sterling Pl & 5 Ave,40.679,-73.979
4336946,Sterling Pl & Bedford Ave,40.673,-73.954
1343792,Sterling St & Bedford Ave,40.663,-73.957
6831922,Stewart Ave & Johnson Ave,40.709,-73.926
1395192,Stockholm St & Wilson Ave,40.699,-73.923
4644429,Stuyvesant Walk & 1 Av Loop,40.732,-73.979
9633220,Suffolk St & Stanton St,40.721,-73.985
9283526,Sullivan Pl & Bedford Ave,40.664,-73.957
3997090,Sullivan Pl & Franklin Ave,40.664,-73.96
9043985,Sullivan St & Washington Sq,40.73,-73.999
9403090,Sunken Meadow Comfort Station,40.796,-73.919
11294495,Suydam St & Broadway,40.695,-73.932
199551,Suydam St & Knickerbocker Ave,40.702,-73.924
12732474,Suydam St & St. Nicholas Ave,40.706,-73.919
11831258,Thompson St & Bleecker St,40.728,-74.0
1829681,Throop Ave & Myrtle Ave,40.696,-73.944
8527821,Tiebout Ave & E 184 St,40.858,-73.896
8189511,Tiebout Ave & E Fordham Road,40.862,-73.895
7969509,Tinton Ave & E 165 St,40.825,-73.902
1720617,Tompkins Ave & Hopkins St,40.7,-73.947
11679887,Townsend Ave & E 175 St,40.847,-73.911
9446586,Underhill Ave & Lincoln Pl,40.674,-73.967
4923630,Underhill Ave & Pacific St,40.68,-73.965
2977400,Union Ave & E 169 St,40.83,-73.899
12695464,Union Ave & Jackson St,40.716,-73.952
12248476,Union Ave & N 12 St,40.719,-73.952
912475,Union Ave & Wallabout St,40.7,-73.95
532223,Union St & 4 Ave,40.677,-73.983
687319,Union St & Bedford Ave,40.669,-73.955
5256304,Union St & Nevins St,40.679,-73.988
5859492,University Ave & Brandt Pl,40.848,-73.918
11745653,University Ave & Macombs Rd,40.85,-73.916
6683123,University Ave & W 168 St,40.839,-73.927
4978287,University Ave & W Burnside Ave,40.855,-73.911
11901640,University Pl & E 14 St,40.735,-73.992
9028611,University Pl & E 8 St,40.731,-73.995
9700118,Valentine Ave & E 181 St,40.854,-73.899
8511101,Valentine Ave & E 183 St,40.857,-73.898
7732112,Van Brunt St & Van Dyke St,40.676,-74.015
11953603,Van Brunt St & Wolcott St,40.677,-74.013
10418935,Van Buren St & Broadway,40.692,-73.926
11494518,Van Dam St & Greenpoint Ave,40.734,-73.938
11523183,Van Dam St & Review Ave,40.734,-73.938
10816145,Van Sinderen Ave & Truxton St,40.679,-73.904
8149254,Van Vorst Park,40.718,-74.048
6092602,Vernon Blvd & 10 St,40.767,-73.937
2057119,Vernon Blvd & 30 Rd,40.771,-73.934
9439576,Vernon Blvd & 31 Ave,40.769,-73.935
11646145,Vernon Blvd & 41 Rd,40.755,-73.949
4252367,Vernon Blvd & 47 Rd,40.745,-73.953
6770153,Vernon Blvd & 50 Ave,40.742,-73.954
8518834,Verona Pl & Fulton St,40.68,-73.948
12191581,Vesey Pl & River Terrace,40.715,-74.017
1034924,Vesey St & Church St,40.712,-74.01
1441527,W 10 St & Washington St,40.733,-74.009
264158,W 100 St & Broadway,40.797,-73.97
4675814,W 100 St & Manhattan Ave,40.795,-73.964
2092637,W 104 St & Amsterdam Ave,40.799,-73.966
12803346,W 106 St & Amsterdam Ave,40.801,-73.966
62773,W 106 St & Central Park West,40.798,-73.961
11517314,W 107 St & Columbus Ave,40.8,-73.962
12073057,W 11 St & 6 Ave,40.735,-73.998
2513198,W 110 St & Amsterdam Ave,40.803,-73.963
12437354,W 111 St & 5 Ave,40.798,-73.949
6904293,W 113 St & Broadway,40.806,-73.965
103519,W 116 St & Amsterdam Ave,40.807,-73.961
9894872,W 116 St & Broadway,40.808,-73.964
1112260,W 12 St & Hudson St,40.738,-74.006
7772967,W 120 St & Claremont Ave,40.811,-73.963
9823985,W 129 St & Convent Ave,40.814,-73.953
4489222,W 13 St & 5 Ave,40.735,-73.994
554255,W 13 St & 7 Ave,40.738,-74.0
9791710,W 133 St & 12 Ave,40.82,-73.959
8994010,W 135 St & Lenox Terrace Pl,40.814,-73.939
8648995,W 140 St & Riverside Dr,40.824,-73.955
9782583,W 144 St & Adam Clayton Powell Blvd,40.821,-73.939
6803548,W 145 St & Amsterdam Ave,40.825,-73.947
9883968,W 146 St & Broadway,40.827,-73.95
6505993,W 147 St & Adam Clayton Powell Blvd,40.823,-73.937
568249,W 148 St & Amsterdam Ave,40.827,-73.946
13674,W 15 St & 10 Ave,40.743,-74.007
7396391,W 15 St & 6 Ave,40.738,-73.996
8610671,W 15 St & 7 Ave,40.739,-73.999
848525,W 155 St & Frederick Douglass Blvd,40.829,-73.937
2171943,W 159 St & Edgecombe Ave,40.833,-73.939
1838188,W 16 St & The High Line,40.743,-74.007
6582031,W 160 St & St. Nicholas Ave,40.834,-73.94
6281735,W 163 St & Edgecombe Ave,40.836,-73.937
6588459,W 163 St & Riverside Dr,40.839,-73.945
11771557,W 165 St & Fort Washington Ave,40.84,-73.943
3624505,W 168th S & Fort Washington Ave,40.842,-73.942
12078516,W 17 St & 8 Ave,40.742,-74.001
5981914,W 170 St & University Ave,40.842,-73.926
2399902,W 171 St & St. Nicholas Ave,40.843,-73.939
12814380,W 176 St & Montgomery Ave,40.85,-73.919
7770513,W 18 St & 6 Ave,40.74,-73.995
9571990,W 18 St & 9 Ave,40.744,-74.004
7051994,W 180 St & Ft Washington Ave,40.85,-73.938
10662318,W 181 St & Riverside Dr,40.852,-73.942
10342779,W 186 St & St. Nicholas Ave,40.852,-73.931
2235684,W 190 St & Broadway,40.856,-73.933
3537735,W 190 St & St. Nicholas Ave,40.855,-73.93
12312347,W 192 St & University Ave,40.867,-73.902
1293177,W 20 St & 10 Ave,40.746,-74.005
5489028,W 20 St & 7 Ave,40.742,-73.997
3935379,W 20 St & 8 Ave,40.743,-74.0
1683839,W 204 St & Nagle Ave,40.863,-73.921
3196027,W 204 St & Vermilyea Ave,40.866,-73.923
2418802,W 21 St & 6 Ave,40.742,-73.994
10317641,W 211 St & 10 Ave,40.867,-73.917
510152,W 212 St & 10 Ave,40.868,-73.917
9675870,W 218 St & Broadway,40.871,-73.914
8897750,W 218 St & Indian Rd,40.873,-73.918
1825941,W 22 St & 10 Ave,40.747,-74.005
9816788,W 22 St & 8 Ave,40.745,-73.999
7285069,W 225 St & Exterior St,40.873,-73.907
8154939,W 24 St & 7 Ave,40.745,-73.995
6754184,W 25 St & 6 Ave,40.744,-73.991
7848214,W 26 St & 10 Ave,40.75,-74.003
8426992,W 26 St & 8 Ave,40.747,-73.997
8391282,W 27 St & 7 Ave,40.747,-73.994
9506144,W 29 St & 9 Ave,40.75,-73.998
6368620,W 30 St & 10 Ave,40.753,-74.002
4006007,W 30 St & 8 Ave,40.75,-73.995
12262094,W 31 St & 7 Ave,40.749,-73.992
11233802,W 33 St & 10 Ave,40.754,-73.999
482188,W 33 St & 7 Ave,40.75,-73.991
12239727,W 34 St & 11 Ave,40.756,-74.002
5031352,W 34 St &\tHudson Blvd E,40.755,-74.001
10982984,W 35 St & 8 Ave,40.753,-73.993
3486819,W 35 St & 9 Ave,40.754,-73.996
712538,W 35 St & Dyer Ave,40.755,-73.997
8139049,W 36 St & 7 Ave,40.752,-73.99
8565946,W 36 St & 9 Ave,40.755,-73.995
6916500,W 37 St & 10 Ave,40.757,-73.998
3947848,W 37 St & 5 Ave,40.75,-73.983
3879465,W 37 St & Broadway,40.752,-73.988
11179481,W 39 St & 9 Ave,40.756,-73.994
9215944,W 4 St & 7 Ave S,40.734,-74.003
10378893,W 40 St & 5 Ave,40.752,-73.982
11465505,W 40 St & 7 Ave,40.755,-73.988
11479398,W 40 St & 8 Ave,40.755,-73.988
10795177,W 41 St & 8 Ave,40.756,-73.99
11562284,W 42 St & 6 Ave,40.755,-73.985
7696110,W 42 St & 8 Ave,40.758,-73.991
3609609,W 42 St & Dyer Ave,40.759,-73.994
7838393,W 43 St & 10 Ave,40.76,-73.995
4711571,W 44 St & 11 Ave,40.762,-73.997
4467509,W 44 St & 5 Ave,40.755,-73.98
4384620,W 45 St & 8 Ave,40.759,-73.989
7294720,W 46 St & 11 Ave,40.763,-73.997
3116327,W 47 St & 10 Ave,40.763,-73.993
3294089,W 47 St & 6 Ave,40.758,-73.983
2147588,W 48 St &  Rockefeller Plaza,40.758,-73.979
10160774,W 49 St & 8 Ave,40.762,-73.988
7554926,W 50 St & 10 Ave,40.765,-73.992
11436136,W 50 St & 9 Ave,40.764,-73.989
3688651,W 51 St & 6 Ave,40.761,-73.98
5680820,W 51 St & Rockefeller Plaza,40.76,-73.978
8230206,W 52 St & 11 Ave,40.767,-73.994
10236287,W 52 St & 6 Ave,40.761,-73.98
40335,W 53 St & 10 Ave,40.767,-73.991
12448851,W 54 St & 11 Ave,40.768,-73.993
10395685,W 54 St & 9 Ave,40.766,-73.987
911300,W 55 St & 6 Ave,40.763,-73.978
960719,W 56 St & 10 Ave,40.768,-73.989
7368921,W 56 St & 6 Ave,40.763,-73.977
7956670,W 56 St & 8 Ave,40.766,-73.983
7990119,W 59 St & 10 Ave,40.771,-73.988
6362936,W 63 St & Broadway,40.772,-73.983
11575333,W 64 St & Thelonious Monk Circle,40.775,-73.989
5786818,W 67 St & Broadway,40.775,-73.983
1981071,W 70 St & Amsterdam Ave,40.777,-73.983
7158129,W 74 St & Columbus Ave,40.779,-73.978
2863857,W 76 St & Columbus Ave,40.78,-73.977
11841616,W 82 St & Central Park West,40.783,-73.971
4757437,W 84 St & Broadway,40.787,-73.977
12313177,W 84 St & Columbus Ave,40.785,-73.973
424838,W 87 St & Amsterdam Ave,40.788,-73.975
11744547,W 87 St & West End Ave,40.79,-73.978
8333271,W 89 St & Columbus Ave,40.788,-73.97
12272414,W 90 St & Amsterdam Ave,40.79,-73.973
6753926,W 92 St & Broadway,40.792,-73.974
919655,W 95 St & Broadway,40.794,-73.972
10594805,W Broadway & Spring St,40.725,-74.002
1563446,W Broadway & W Houston St,40.726,-74.0
12029363,W Burnside Ave & University Ave,40.854,-73.912
1360172,W Fordham Rd & Loring Pl N,40.863,-73.907
210005,W Mosholu Pkwy S & Sedgwick Ave,40.882,-73.887
4715406,W Tremont Ave & Grand Ave,40.85,-73.913
7117843,W Tremont Ave & Matthewson Rd,40.854,-73.921
844348,W Tremont Ave & Montgomery Ave,40.852,-73.916
109303,Wadsworth Ave & W 175 St,40.846,-73.938
1251553,Wadsworth Ave & W 179 St,40.848,-73.936
12331158,Wakeman Pl & Ridge Blvd,40.639,-74.027
2650728,Wales Ave & E 147 St,40.811,-73.908
11198139,Walker St & Baxter St,40.717,-74.0
7694431,Walnut Ave & E 136 St,40.802,-73.91
4805049,Walton Ave & E 153 St,40.822,-73.927
12025066,Walton Ave & E 168 St,40.836,-73.918
3630543,Walton Ave & E 171 St,40.841,-73.915
10196766,Walton Ave & E 183 St,40.858,-73.903
8694761,Wards Meadow Comfort Station,40.783,-73.931
12211728,Warren St,40.721,-74.038
8496927,Warren St & Court St,40.686,-73.994
4874422,Warren St & Smith St,40.685,-73.991
8487030,Warren St & W Broadway,40.715,-74.009
4783402,Washington Ave & E 163 St,40.824,-73.911
6994101,Washington Ave & E 167 St,40.83,-73.908
9275678,Washington Ave & E 174 St,40.843,-73.9
6465089,Washington Ave & Greene Ave,40.687,-73.966
5028427,Washington Ave & Park Ave,40.696,-73.968
5019322,Washington Park,40.692,-73.974
1260199,Washington Pl & 6 Ave,40.732,-74.0
11404702,Washington Pl & Broadway,40.729,-73.994
2949081,Washington Square E,40.73,-73.996
8702849,Washington St,40.724,-74.035
6838453,Washington St & Barrow St,40.732,-74.009
2098627,Washington St & Gansevoort St,40.739,-74.008
6575462,Washington St & Laight St,40.722,-74.011
1153181,Water St &  Fletcher St,40.706,-74.006
4876907,Water St & Gouverneur Ln,40.705,-74.008
6474321,Water St & Main St,40.703,-73.99
10103552,Waterbury St & Stagg St,40.71,-73.937
11530955,Waterloo Pl & Crotona Park East,40.839,-73.889
10750317,Watts St & Greenwich St,40.724,-74.01
4890439,Webb Ave & W 190 St,40.866,-73.904
3643709,Webster Ave & E 166 St,40.829,-73.911
2497494,Webster Ave & Ford St,40.856,-73.896
11772600,Weeks Ave & E 175 St,40.847,-73.907
9671112,West Broadway & Watts St,40.723,-74.003
863941,West Drive & Prospect Park West,40.661,-73.979
2465353,West End Ave & W 107 St,40.802,-73.968
9409526,West End Ave & W 60 St,40.772,-73.99
6887719,West End Ave & W 78 St,40.784,-73.982
10370562,West End Ave & W 94 St,40.794,-73.974
87644,West Farms Rd & Boone Ave,40.83,-73.886
5819109,West St & Chambers St,40.718,-74.013
9553795,West St & Liberty St,40.711,-74.015
6531609,West Thames St,40.708,-74.017
11686104,Westchester Ave & E 156 St,40.818,-73.905
7520457,Westchester Ave & Jackson Ave,40.816,-73.908
6826922,Westchester Ave & Longwood Ave,40.82,-73.901
1080634,Westchester Ave & Southern Blvd,40.825,-73.892
12255178,White St & Johnson Ave,40.707,-73.936
5951614,White St & Moore St,40.705,-73.935
8500397,Whitehall St & Bridge St,40.704,-74.013
6270376,Wilkins Ave & Crotona Park E,40.835,-73.895
12476412,William St & Pine St,40.707,-74.009
4839781,Willis Ave & Bruckner Blvd,40.806,-73.925
10693641,Willis Ave & E 137 St,40.808,-73.924
4761523,Willis Ave & E 141 St,40.811,-73.922
5758721,Willis Ave & E 143 St,40.812,-73.92
180660,Willoughby Ave & Hall St,40.692,-73.965
9439008,Willoughby Ave & Myrtle Ave,40.698,-73.931
1108336,Willoughby Ave & Onderdonk Ave,40.71,-73.917
6199669,Willoughby Ave & Tompkins Ave,40.694,-73.946
8225132,Willoughby Ave & Walworth St,40.693,-73.954
1124553,Willoughby Ave & Wyckoff Ave,40.706,-73.922
6488646,Willoughby St & Ashland Pl,40.692,-73.979
12033135,Willoughby St & Fleet St,40.692,-73.981
2908083,Willow Ave & E 133 St,40.801,-73.914
11947990,Wilson Ave & Moffat St,40.689,-73.905
4976213,Wilson Ave & Troutman St,40.702,-73.928
2734855,Windsor Pl & 8 Ave,40.661,-73.983
12071613,Windsor Pl & Howard Pl,40.659,-73.98
1418976,Withers St & Kingsland Ave,40.718,-73.941
9029890,Wolcott St & Dwight St,40.675,-74.01
264493,Woodward Ave & Harman St,40.708,-73.911
8855750,Wyckoff Av & Jefferson St,40.707,-73.924
5626318,Wyckoff Av & Stanhope St,40.704,-73.918
3123533,Wyckoff Ave & Gates Ave,40.7,-73.912
86576,Wyckoff St & Nevins St,40.683,-73.984
8211025,Wythe Ave & Metropolitan Ave,40.717,-73.963
9983537,Yankee Ferry Terminal,40.687,-74.017
