,start_station_name,start_lat,start_lng
8254166,1 Ave & E 110 St,40.792,-73.938
12705033,1 Ave & E 16 St,40.732,-73.982
2250503,1 Ave & E 18 St,40.734,-73.981
12210521,1 Ave & E 30 St,40.741,-73.975
7396393,1 Ave & E 39 St,40.747,-73.971
748900,1 Ave & E 44 St,40.75,-73.969
7708441,1 Ave & E 6 St,40.726,-73.986
1316638,1 Ave & E 62 St,40.761,-73.961
9888383,1 Ave & E 68 St,40.765,-73.958
9712583,1 Ave & E 78 St,40.771,-73.954
9924021,1 Ave & E 94 St,40.782,-73.946
3729380,1 Pl & Clinton St,40.681,-73.999
6820418,1 St & 6 Ave,40.673,-73.98
7397320,10 Ave & W 14 St,40.742,-74.008
10162953,10 Ave & W 202 St,40.861,-73.921
10805336,10 Ave & W 204 St,40.863,-73.92
4560964,10 Ave & W 207 St,40.865,-73.919
4905663,10 Ave & W 215 St,40.869,-73.915
1012811,10 Ave & W 28 St,40.751,-74.002
1967517,10 St & 2 Ave,40.672,-73.994
416578,10 St & 5 Ave,40.669,-73.987
4278205,10 St & 7 Ave,40.666,-73.982
12787845,11 Ave & Prospect Ave,40.656,-73.977
10369419,11 Ave & W 27 St,40.751,-74.005
4250479,11 Ave & W 41 St,40.76,-73.999
2511795,11 Ave & W 59 St,40.771,-73.99
5216879,11 St & 43 Ave,40.752,-73.948
12759600,12 Ave & 36 St,40.644,-73.986
6570750,12 Ave & W 125 St,40.818,-73.96
5227538,12 Ave & W 40 St,40.761,-74.003
10816302,12 St & 4 Ave,40.669,-73.99
11662343,14 St & 5 Ave,40.666,-73.989
666350,14 St & 7 Ave,40.664,-73.984
2172254,16th St & 4th Ave,40.666,-73.992
535739,17 St & 5 Ave,40.663,-73.991
12723251,18 St & 27 Ave,40.773,-73.927
2427398,19 St & 24 Ave,40.777,-73.923
6832054,19 St & 8 Ave,40.658,-73.986
10144822,2 Av & 37 St,40.656,-74.01
7878427,2 Ave & 32 St,40.659,-74.007
9635506,2 Ave & 36 St,40.657,-74.009
7220585,2 Ave & E 104 St,40.789,-73.944
10647173,2 Ave & E 122 St,40.801,-73.935
9437838,2 Ave & E 125 St,40.803,-73.934
6544022,2 Ave & E 29 St,40.742,-73.978
2338433,2 Ave & E 31 St,40.743,-73.977
5859158,2 Ave & E 55 St,40.758,-73.966
5201903,2 Ave & E 72 St,40.769,-73.958
138153,2 Ave & E 96 St,40.784,-73.947
2672195,2 Ave & E 99 St,40.786,-73.946
8066580,20 Ave & 21 St,40.784,-73.912
6499849,20 Ave & 31 St,40.78,-73.907
3061419,20 Ave & 33 St,40.779,-73.906
5014484,20 Ave & 38 St,40.777,-73.902
6892792,20 Ave & 42 St,40.775,-73.9
1715405,20 Ave & 48 St,40.773,-73.897
11359544,20 Ave & Shore Blvd,40.786,-73.915
4418103,21 Ave & 80 St,40.771,-73.89
12099582,21 Ave & Crescent St,40.78,-73.912
11894898,21 Ave & Shore Blvd,40.784,-73.917
108691,21 St & 21 Ave,40.782,-73.915
836776,21 St & 23 Ave,40.779,-73.919
4986955,21 St & 31 Dr,40.766,-73.931
2598813,21 St & 36 Ave,40.76,-73.936
4417565,21 St & 38 Ave,40.758,-73.939
5810193,21 St & 4 Ave,40.663,-73.996
2185256,21 St & 43 Ave,40.751,-73.946
4568166,21 St & Hoyt Ave S,40.775,-73.924
3482796,21 St & Queens Plaza North,40.753,-73.943
11270784,23 Ave & 27 St,40.776,-73.915
9183783,23 Rd & 31 St,40.773,-73.914
10090164,23 St & 3 Ave,40.663,-73.999
11256279,24 Ave & 26 St,40.775,-73.919
4038193,24 Ave & 29 St,40.773,-73.916
10349974,24 St & 38 Ave,40.756,-73.937
173214,24 St & 41 Ave,40.752,-73.94
4580130,24 St & 5 Ave,40.66,-73.995
2830653,25 Ave & 41 St,40.768,-73.911
9342967,27 Ave & 3 St,40.775,-73.934
7158031,27 Ave & 9 St,40.774,-73.931
10338910,27 St & Hunter St,40.748,-73.941
1263794,28 Ave & 35 St,40.767,-73.917
1113400,28 Ave & 44 St,40.764,-73.911
6850661,28 St & 36 Ave,40.757,-73.933
2287508,28 St & 41 Ave,40.751,-73.938
6154806,29 St & 5 Ave,40.657,-73.998
510396,3 Ave & 14 St,40.669,-73.993
11375346,3 Ave & 17 St,40.666,-73.996
6649754,3 Ave & Carroll St,40.677,-73.986
262067,3 Ave & E 100 St,40.788,-73.947
2897239,3 Ave & E 112 St,40.796,-73.942
4798876,3 Ave & E 163 St,40.824,-73.909
7228031,3 Ave & E 169 St,40.833,-73.905
9262413,3 Ave & E 170 St,40.835,-73.904
9504828,3 Ave & E 172 St,40.84,-73.9
9896886,3 Ave & E 174 St,40.842,-73.898
2544994,3 Ave & E 174 St - Bathgate Vaccination Site,40.842,-73.898
9089341,3 Ave & E 62 St,40.763,-73.965
5784473,3 Ave & E 71 St,40.769,-73.961
8483211,3 Ave & E 72 St,40.77,-73.961
6614133,3 Ave & Franklin Ave,40.827,-73.907
433123,3 Ave & Schermerhorn St,40.687,-73.98
10785761,3 Ave & Wakeman Pl,40.638,-74.025
9780715,3 St & 3 Ave,40.675,-73.988
6772605,3 St & 7 Ave,40.67,-73.978
5733538,3 St & Hoyt St,40.678,-73.994
2404951,3 St & Prospect Park West,40.668,-73.974
7253044,30 Ave & 12 St,40.772,-73.932
3864122,30 Ave & 21 St,40.77,-73.929
2197925,30 Ave & 41 St,40.763,-73.914
10932375,30 Ave & 47 St,40.761,-73.91
5650089,30 St & 4 Ave,40.658,-74.001
514577,31 Ave & 14 St,40.768,-73.932
7536838,31 Ave & 30 St,40.765,-73.924
5993974,31 Ave & 34 St,40.763,-73.921
884414,31 Ave & 57 St,40.757,-73.905
9471167,31 Ave & 61 St,40.758,-73.901
12244063,31 Ave & Crescent St,40.766,-73.927
3046272,31 Ave & Steinway St,40.761,-73.917
10580501,31 Pl & Hunters Point Ave,40.74,-73.935
1854970,31 Rd & 21 St,40.767,-73.93
12724088,31 St & 21 Ave,40.778,-73.908
8830630,31 St & 23 Ave,40.775,-73.913
9413294,31 St & Astoria Blvd,40.77,-73.918
7164708,31 St & Broadway,40.761,-73.926
3446946,31 St & Ditmars Blvd,40.776,-73.91
5912556,31 St & Hoyt Ave N,40.771,-73.917
9469095,31 St & Newtown Ave,40.768,-73.921
2551747,31 St & Northern Blvd,40.752,-73.933
7174881,31 St & Thomson Ave,40.745,-73.935
9884074,33 St & 47 Ave,40.743,-73.932
2599463,34 Ave & 13 St,40.764,-73.936
6017376,34 Ave & 21 St,40.763,-73.934
3001427,34 Ave & 31 St,40.76,-73.927
7130439,34 Ave & 38 St,40.757,-73.922
11121008,34 Ave & 45 St,40.755,-73.917
256302,34 Ave & 48 St,40.754,-73.915
1502601,34 St & 35 Ave,40.757,-73.926
4415742,34 St & 38 Ave,40.752,-73.93
5441365,34 St & 4 Ave,40.655,-74.003
9558995,34 St & 48 Ave,40.741,-73.931
12313553,34 St & 5 Ave,40.654,-74.001
3366001,34th Ave & Vernon Blvd,40.765,-73.94
10116106,35 Ave & 10 St,40.763,-73.94
579247,35 Ave & 37 St,40.756,-73.924
6021935,35 St & 21 Ave,40.777,-73.907
11755751,35 St & 23 Ave,40.773,-73.911
5201651,35 St & 30 Ave,40.765,-73.918
4989155,35 St & 34 Ave,40.758,-73.924
12785684,35 St & Broadway,40.76,-73.922
265571,36 Ave & 10 St,40.761,-73.941
2291169,36 Ave & 31 St,40.757,-73.93
5400007,36 St & 3 Ave,40.656,-74.007
10681858,36 St & 4 Ave,40.654,-74.004
9751699,36 St & 47 Ave,40.742,-73.929
2495027,36 St & Ditmars Blvd,40.774,-73.908
10867860,36 St & Hunters Point Ave,40.738,-73.93
10259863,36 St & Queens Blvd,40.744,-73.929
7209232,37 Ave & 35 St,40.753,-73.928
1554017,37 St & 24 Ave,40.77,-73.912
416452,38 Ave & 29 St,40.755,-73.934
1507845,38 St & 30 Ave,40.764,-73.916
3037167,38 St & Northern Blvd,40.752,-73.925
4432837,39 St & 2 Ave,40.655,-74.011
5521811,4 Ave & 17 St,40.666,-73.993
7952721,4 Ave & 26 St,40.66,-73.999
11972119,4 Ave & 3 St,40.674,-73.986
6098816,4 Ave & 9 St,40.671,-73.989
11286046,4 Ave & E 12 St,40.733,-73.99
8752809,4 Ave & Shore Road Dr,40.637,-74.022
1702898,40 Ave & 9 St,40.757,-73.945
442124,40 Ave & Crescent St,40.754,-73.938
9582059,41 St & 3 Ave,40.653,-74.009
1511404,41 St & 4 Ave,40.651,-74.007
2786301,42 Pl & Northern Blvd,40.753,-73.921
4572560,42 St & 1 Ave,40.655,-74.014
7157349,43 St & 23 Ave,40.77,-73.906
7204581,43 St & 35 Ave,40.754,-73.92
3900782,43 St & 37 Ave,40.75,-73.92
8232733,43 St & Broadway,40.758,-73.917
11823518,44 Dr & Jackson Ave,40.747,-73.943
5687319,44 St & 2 Ave,40.653,-74.014
3420729,44 St & 3 Ave,40.651,-74.011
7080268,44 St & 6 Ave,40.647,-74.004
7912479,45 Ave & 21 St,40.747,-73.948
9106144,45 Rd & 11 St,40.747,-73.95
11617707,45 St & 4 Ave,40.649,-74.009
7188286,46 Ave & 5 St,40.747,-73.955
8527582,46 St & 25 Ave,40.766,-73.907
4163521,46 St & 28 Ave,40.763,-73.909
3680444,46 St & 30 Rd,40.761,-73.911
4938886,46 St & 6 Ave,40.646,-74.006
3896179,46 St & 7 Ave,40.645,-74.004
10332022,47 Ave & 31 St,40.743,-73.936
7717346,47 Ave & Skillman Ave,40.744,-73.942
6988834,47 St & 3 Ave,40.649,-74.012
10354728,48 Ave & 31 St,40.741,-73.936
965786,48 Ave & 5 St,40.744,-73.956
4971848,48 St & 2 Ave,40.65,-74.016
1534277,48 St & 37 Ave,40.752,-73.915
7970414,48 St & 5 Ave,40.646,-74.009
6265145,48 St & Broadway,40.756,-73.913
12575066,49 Ave & 21 St,40.743,-73.949
5793002,49 St & 25 Ave,40.764,-73.905
3346781,49 St & 31 Ave,40.758,-73.91
6303248,5 Av & W 139 St,40.815,-73.936
5221915,5 Ave & 3 St,40.673,-73.984
1647564,5 Ave & 37 St,40.653,-74.002
9581402,5 Ave & 41 St,40.65,-74.005
9253215,5 Ave & 66 St,40.636,-74.02
5505817,5 Ave & E 103 St,40.792,-73.952
5305433,5 Ave & E 135 St,40.812,-73.938
6202639,5 Ave & E 29 St,40.745,-73.987
1600474,5 Ave & E 63 St,40.766,-73.972
8663716,5 Ave & E 72 St,40.773,-73.967
5875467,5 Ave & E 78 St,40.776,-73.964
7217419,5 Ave & E 87 St,40.782,-73.96
9985653,5 Ave & E 93 St,40.786,-73.957
5977594,5 Ave & W 126 St,40.807,-73.942
10776880,5 Ave & W 131 St,40.81,-73.94
5894692,5 St & 51 Ave,40.742,-73.957
8935797,5 St & 6 Ave,40.67,-73.982
8025660,5 St & Market St,40.7,-73.974
4794684,50 St & 30 Ave,40.76,-73.907
2428937,50 St & 7 Ave,40.643,-74.006
2224832,50 St & Northern Blvd,40.753,-73.912
4105669,51 St & Hobart St,40.758,-73.908
3933349,52 St & 1 Ave,40.649,-74.02
2018139,52 St & 6 Ave,40.643,-74.009
9267761,53 St & 2 Ave,40.647,-74.019
12069393,53 St & 4 Ave,40.645,-74.015
11393163,53 St & 5 Ave,40.643,-74.012
3158805,55 St & 5 Ave,40.642,-74.013
9957094,55 St & 7 Ave,40.64,-74.009
6746301,57 St & 1 Ave,40.646,-74.023
605299,57 St & 1 Ave - Brooklyn Army Terminal Vaccination Site,40.646,-74.023
444308,57 St & 4 Ave,40.643,-74.017
9927479,58 St & 2 Ave,40.645,-74.022
4870174,58 St & 2 Ave - Brooklyn Army Terminal Vaccination Site,40.645,-74.022
9400687,58 St & 32 Ave,40.756,-73.903
1472885,58 St & Pier 4,40.646,-74.026
12401845,59 St & 4 Ave,40.641,-74.018
5145827,59 St & 5 Ave,40.64,-74.016
2355407,6 Ave & 12 St,40.666,-73.985
7758014,6 Ave & 21 St,40.66,-73.991
2165818,6 Ave & 55 St,40.641,-74.011
483147,6 Ave & 60 St,40.638,-74.014
3629525,6 Ave & 9 St,40.668,-73.984
2824104,6 Ave & Broome St,40.724,-74.005
9495099,6 Ave & Canal St,40.722,-74.006
5704569,6 Ave & W 33 St,40.749,-73.988
6598043,6 Ave & W 34 St,40.75,-73.988
7869255,6 Ave & W 45 St,40.757,-73.983
7197082,6 Ave & Walker St,40.72,-74.005
5832223,6 St & 7 Ave,40.669,-73.98
4945924,62 St & 4 Ave,40.64,-74.02
10191602,62 St & Northern Blvd,40.754,-73.9
10629629,63 St & 5 Ave,40.638,-74.018
9416707,64 St & 3 Ave,40.64,-74.023
9185988,65 St & 2 Ave,40.64,-74.026
12415773,67 St & Erik Pl,40.633,-74.017
4897504,67 St & Ridge Blvd,40.639,-74.027
10332753,7 Ave & 17 St,40.661,-73.987
706807,7 Ave & 20 St,40.659,-73.989
12351565,7 Ave & 22 St,40.658,-73.99
160829,7 Ave & 40 St,40.648,-74.0
1686485,7 Ave & 41 St,40.647,-74.001
6510867,7 Ave & Central Park South,40.767,-73.979
11412288,7 Ave & Park Pl,40.678,-73.973
4419942,7 Ave S & Bleecker St,40.732,-74.004
3751967,7 St & 3 Ave,40.673,-73.99
1891030,7 St & 5 Ave,40.67,-73.985
9509236,76 St & 21 Ave,40.77,-73.894
158982,8 Ave & W 16 St,40.741,-74.002
11115916,8 Ave & W 24 St,40.746,-73.998
4464247,8 Ave & W 27 St,40.748,-73.997
5099003,8 Ave & W 31 St,40.751,-73.995
1017419,8 Ave & W 33 St,40.752,-73.994
10720357,8 Ave & W 38 St,40.755,-73.992
2466398,8 Ave & W 49 St,40.762,-73.987
12312926,8 Ave & W 52 St,40.764,-73.985
3111069,8 St & Astoria Blvd,40.773,-73.933
8530974,9 Ave & W 18 St,40.743,-74.004
9282542,9 Ave & W 206 St,40.863,-73.918
1460893,9 Ave & W 219 St,40.871,-73.912
10035614,9 Ave & W 22 St,40.745,-74.002
5414429,9 Ave & W 45 St,40.76,-73.991
5297193,9 St & 44 Rd,40.75,-73.952
3488668,Academy St & Nagle Ave,40.863,-73.923
1460016,Adam Clayton Powell Blvd & W 115 St,40.803,-73.953
6121398,Adam Clayton Powell Blvd & W 118 St,40.804,-73.951
4376948,Adam Clayton Powell Blvd & W 123 St,40.808,-73.949
1734130,Adam Clayton Powell Blvd & W 126 St,40.809,-73.948
5482602,Adam Clayton Powell Blvd & W 130 St,40.812,-73.946
7934480,Adam Clayton Powell Blvd & W 132 St,40.814,-73.945
9253808,Adam Clayton Powell Blvd & W 138 St,40.817,-73.942
5739993,Adam Clayton Powell Blvd & W 141 St,40.819,-73.941
7849068,Adam Clayton Powell Blvd & W 151 St,40.825,-73.936
12810982,Adams St & Prospect St,40.701,-73.989
1180864,Adelphi St & Myrtle Ave,40.693,-73.972
10764665,Albany Ave & Fulton St,40.68,-73.938
4516201,Albany St & Greenwich St,40.709,-74.013
1865000,Albemarle Rd & McDonald Ave,40.645,-73.98
7929742,Alexander Ave & E 134 St,40.807,-73.927
3393189,Allen St & Hester St,40.716,-73.992
2919285,Allen St & Rivington St,40.72,-73.99
216223,Allen St & Stanton St,40.722,-73.989
10282496,Amsterdam Ave & W 119 St,40.809,-73.96
8066216,Amsterdam Ave & W 125 St,40.813,-73.956
2421575,Amsterdam Ave & W 131 St,40.816,-73.954
3109619,Amsterdam Ave & W 136 St,40.82,-73.952
1170717,Amsterdam Ave & W 152 St,40.83,-73.944
4629163,Amsterdam Ave & W 156 St,40.832,-73.942
10912850,Amsterdam Ave & W 162 St,40.836,-73.94
9533041,Amsterdam Ave & W 167 St,40.839,-73.937
9847571,Amsterdam Ave & W 172 St,40.842,-73.935
11846718,Amsterdam Ave & W 175 St,40.844,-73.934
9158539,Amsterdam Ave & W 180 St,40.847,-73.931
9294119,Amsterdam Ave & W 183 St,40.849,-73.93
12242695,Amsterdam Ave & W 186 St,40.851,-73.929
6081982,Amsterdam Ave & W 189 St,40.853,-73.927
11762772,Amsterdam Ave & W 189 St new,40.853,-73.927
9543482,Amsterdam Ave & W 66 St,40.775,-73.985
2366613,Amsterdam Ave & W 73 St,40.78,-73.981
12725796,Amsterdam Ave & W 79 St,40.783,-73.979
11173484,Amsterdam Ave & W 82 St,40.785,-73.977
6841653,Anderson Ave & W 164 St,40.832,-73.927
919156,Andrew Ave N & Hall of Fame Tce,40.858,-73.91
455012,Andrews Ave S & W 179 St,40.855,-73.913
9452270,Anthony Ave & E 175 St,40.846,-73.904
10432180,Anthony Ave & E Tremont Ave,40.849,-73.903
6828139,Aqueduct Ave & North St,40.86,-73.906
4926270,Aqueduct Ave & W 190 St,40.865,-73.902
11936679,Ashland Pl & Dekalb Ave,40.69,-73.979
7096458,Astoria Park S & Shore Blvd,40.777,-73.928
1785916,Atlantic Ave & Fort Greene Pl,40.684,-73.976
9859182,Atlantic Ave & Furman St,40.692,-74.0
4781629,Audobon Ave & W 179 St,40.847,-73.933
179204,Audubon Ave & Fort George Ave,40.857,-73.927
9099537,Audubon Ave & W 192 St,40.856,-73.927
3931896,Ave A & E 11 St,40.729,-73.982
6752297,Ave A & E 14 St,40.73,-73.98
3685462,Ave D & E 8 St,40.724,-73.976
10624698,Avenue C & E 18 St,40.73,-73.974
151852,Avenue D & E 10 St,40.725,-73.975
5226684,Avenue D & E 12 St,40.726,-73.974
113337,Avenue D & E 3 St,40.721,-73.978
2733427,Bailey Ave & Sedgwick Ave,40.866,-73.909
4893668,Bailey Ave & W 193 St,40.871,-73.907
4297726,Bainbridge Ave & Bedford Park Blvd,40.87,-73.886
12497915,Bainbridge Ave & E 193 St,40.864,-73.892
3480241,Bainbridge Ave & E 196 St,40.866,-73.89
5667660,Bainbridge Ave & E 198 St,40.868,-73.888
9853364,Bank St & Hudson St,40.737,-74.006
10288275,Bank St & Washington St,40.736,-74.009
7841127,Banker St & Meserole Ave,40.726,-73.956
12640490,Barclay St & Church St,40.713,-74.01
1830214,Barrow St & Hudson St,40.732,-74.007
12726288,Barry St & Tiffany St,40.816,-73.892
2013136,Bay St & Court St,40.671,-74.001
2475873,Bayard St & Baxter St,40.716,-74.0
2177435,Bayard St & Leonard St,40.719,-73.949
5580734,Beaver St & Fayette St,40.701,-73.939
2171095,Beck St & Leggett Ave,40.815,-73.9
4466147,Bedford Ave & Bergen St,40.676,-73.953
342851,Bedford Ave & Montgomery St,40.666,-73.957
9494399,Bedford Ave & Nassau Ave,40.723,-73.952
12510348,Bedford Ave & S 9 St,40.709,-73.964
9382926,Bedford Park Blvd & Paul Ave,40.874,-73.892
6870289,Bergen Ave & E 152 St,40.817,-73.915
9931984,Bergen St & 4 Ave,40.683,-73.98
2164299,Bergen St & Flatbush Ave,40.681,-73.976
1642444,Bergen St & Smith St,40.687,-73.991
11285779,Bergen St & Vanderbilt Ave,40.679,-73.968
2369576,Berkeley Pl & 6 Ave,40.677,-73.978
12557161,Berkeley Pl & 7 Ave,40.675,-73.975
8566268,Berry St & N 8 St,40.719,-73.959
8353517,Bialystoker Pl & Delancey St,40.716,-73.983
11261521,Bleecker St & Crosby St,40.726,-73.995
1677495,Boerum Pl\t& Pacific St,40.688,-73.991
8743180,Boerum St & Broadway,40.705,-73.95
2876606,Bond St & Bergen St,40.685,-73.986
7581001,Bond St & Fulton St,40.69,-73.983
9253657,Boone Ave & E 172 St,40.833,-73.885
12840947,Borden Ave & Review Ave,40.739,-73.941
10704648,Boston Rd & E 167 St,40.828,-73.904
3473277,Boston Rd & Prospect Ave,40.833,-73.897
6879800,Botanical Sq & Webster Ave,40.868,-73.881
4203721,Bradhurst Ave & W 148 St,40.825,-73.942
9608513,Bradley Ave & Greenpoint Ave,40.736,-73.935
11400832,Bridge St & Water St,40.703,-73.985
10647116,Bridge St & York St,40.701,-73.985
10864648,Broad St & Bridge St,40.704,-74.012
699504,Broad St & Water St,40.703,-74.011
12162537,Broadway & 12 St,40.767,-73.935
3646200,Broadway & 49 St,40.755,-73.912
4111006,Broadway & 51 St,40.754,-73.909
1056043,Broadway & Battery Pl,40.705,-74.014
1526168,Broadway & Berry St,40.71,-73.965
11861864,Broadway & E 14 St,40.735,-73.991
8548767,Broadway & E 19 St,40.739,-73.99
8952120,Broadway & E 21 St,40.74,-73.99
4537876,Broadway & Ellwood St,40.862,-73.93
7288356,Broadway & Furman Ave,40.681,-73.908
5237703,Broadway & Hancock St,40.687,-73.917
986135,Broadway & Kosciuszko St,40.693,-73.929
6621462,Broadway & Madison St,40.688,-73.92
12266606,Broadway & Morris St,40.706,-74.013
11962138,Broadway & Moylan Pl,40.814,-73.959
12165215,Broadway & Roebling St,40.709,-73.961
774408,Broadway & W 122 St,40.812,-73.961
1481588,Broadway & W 131 St,40.818,-73.957
595282,Broadway & W 133 St,40.819,-73.956
10159373,Broadway & W 142 St,40.825,-73.952
37566,Broadway & W 153 St,40.831,-73.947
2568230,Broadway & W 155 St,40.833,-73.946
1391451,Broadway & W 160 St,40.836,-73.943
3303476,Broadway & W 165 St,40.839,-73.941
7404555,Broadway & W 168 St,40.841,-73.94
1794620,Broadway & W 185 St,40.853,-73.934
7871649,Broadway & W 192 St,40.858,-73.932
9062526,Broadway & W 220 St,40.872,-73.913
6659038,Broadway & W 25 St,40.743,-73.989
5930281,Broadway & W 29 St,40.746,-73.989
10810691,Broadway & W 36 St,40.751,-73.988
11812928,Broadway & W 37 St,40.752,-73.988
8186163,Broadway & W 38 St,40.753,-73.987
5739410,Broadway & W 41 St,40.755,-73.987
7364474,Broadway & W 51 St,40.762,-73.983
11653535,Broadway & W 53 St,40.763,-73.983
1711407,Broadway & W 56 St,40.765,-73.982
8490701,Broadway & W 58 St,40.767,-73.982
11328846,Broadway & W 61 St,40.77,-73.982
10655629,Broadway & Whipple St,40.702,-73.944
7197712,Broadway\t& W 48 St,40.76,-73.985
11804565,Bronx Shore Comfort Station,40.8,-73.924
9770074,Brook Ave & E 138 St,40.807,-73.919
1224012,Brook Ave & E 141 St,40.81,-73.918
2978032,Brook Ave & E 148 St,40.814,-73.915
12331155,Brook Ave & E 157 St,40.821,-73.912
6321393,Brooklyn Bridge Park - Pier 2,40.698,-73.997
2836864,Bruckner Blvd & Bryant Ave,40.822,-73.889
6689187,Buchanan Pl & Grand Ave,40.858,-73.906
2774990,Bulova Ave & Brooklyn Queens Expressway W,40.763,-73.903
4598763,Bus Slip & State St,40.702,-74.014
12175570,Bushwick Ave & Dekalb Ave,40.695,-73.928
9903481,Bushwick Ave & Forrest St,40.701,-73.936
9882694,Bushwick Ave & Furman Ave,40.683,-73.906
2935116,Bushwick Ave & Harman St,40.694,-73.925
9589585,Bushwick Ave & Linden St,40.691,-73.921
4582176,Bushwick Ave & McKibbin St,40.706,-73.939
8231440,Bushwick Ave & Powers St,40.712,-73.941
2739285,Bushwick Ave & Stagg St,40.71,-73.94
11077887,Butler St & Court St,40.685,-73.994
7161950,Cabrini Blvd & W 177 St,40.848,-73.941
8276883,Cadman Plaza E & Red Cross Pl,40.7,-73.99
2086543,Cadman Plaza E & Tillary St,40.696,-73.99
6072582,Calyer St & Guernsey St,40.728,-73.955
10749553,Calyer St & Jewel St,40.73,-73.948
7744742,Cambridge Pl & Gates Ave,40.685,-73.963
4066429,Canal St & Rutgers St,40.714,-73.99
2941928,Carlton Ave & Dean St,40.681,-73.971
1001875,Carlton Ave & Flushing Ave,40.698,-73.974
801565,Carlton Ave & Park Ave,40.696,-73.974
4062375,Carmine St & 6 Ave,40.73,-74.002
2115607,Carroll St & 5 Ave,40.675,-73.981
8743451,Carroll St & 6 Ave,40.674,-73.979
326417,Carroll St & Bond St,40.679,-73.99
12569535,Carroll St & Columbia St,40.683,-74.003
12626500,Carroll St & Franklin Ave,40.668,-73.959
6234101,Carroll St & Smith St,40.681,-73.995
4686801,Carroll St & Washington Ave,40.669,-73.962
5032458,Cathedral Pkwy & Broadway,40.804,-73.967
7648104,Catherine St & Monroe St,40.711,-73.997
10117958,Caton Ave & Argyle Rd,40.65,-73.968
7048641,Caton Ave & E 10 St,40.648,-73.971
5425638,Caton Ave & E 7 St,40.648,-73.974
6287268,Cauldwell Ave & E 158 St,40.82,-73.908
6839098,Cauldwell Ave & E 161 St,40.822,-73.908
1457740,Cedar Ave & W Fordham Rd,40.862,-73.912
1266055,Cedar St & Evergreen Ave,40.697,-73.928
1541807,Cedar St & Myrtle Ave,40.698,-73.926
9168384,Center Blvd & 48 Ave,40.745,-73.957
11821271,Center Blvd & 51 Ave,40.743,-73.96
2984681,Central Ave & Covert St,40.689,-73.91
2189548,Central Ave & Decatur St,40.688,-73.908
10789916,Central Ave & Flushing Ave,40.703,-73.933
9848696,Central Ave & Himrod St,40.697,-73.923
10498637,Central Ave & Melrose St,40.701,-73.93
6501416,Central Ave & Starr Street,40.7,-73.928
8697519,Central Ave & Weirfield St,40.691,-73.912
1495345,Central Ave & Woodbine St,40.693,-73.916
6712581,Central Park North & Adam Clayton Powell Blvd,40.799,-73.956
6585042,Central Park S & 6 Ave,40.766,-73.976
6292539,Central Park W & W 103 St,40.796,-73.962
4984594,Central Park W & W 91 St,40.789,-73.967
10439628,Central Park W & W 97 St,40.792,-73.964
7497599,Central Park West & W 68 St,40.773,-73.978
2603846,Central Park West & W 72 St,40.776,-73.976
4028887,Central Park West & W 76 St,40.779,-73.974
9786772,Central Park West & W 85 St,40.785,-73.97
1108798,Centre St & Chambers St,40.713,-74.005
4205748,Centre St & Seneca Ave,40.7,-73.902
4940223,Centre St & Worth St,40.715,-74.002
12162318,Charlotte St & Boston Rd,40.836,-73.893
10164988,Cherry St,40.712,-73.979
8570296,Chester Ave & 12 Ave,40.644,-73.984
6272105,Christopher St & Greenwich St,40.733,-74.007
1618803,Church Ave & McDonald Ave,40.643,-73.979
9964044,Church Ave & Story St,40.642,-73.981
11462616,Clark St & Henry St,40.698,-73.993
243242,Classon Ave & St Marks Ave,40.677,-73.96
5135602,Clay Ave & Claremont Pkwy,40.84,-73.905
11821729,Clay Ave & E 173 St,40.843,-73.905
9875976,Clermont Ave & Lafayette Ave,40.688,-73.97
1537536,Clermont Ave & Park Ave,40.696,-73.971
8276599,Cleveland Pl & Spring St,40.722,-73.997
5609403,Cliff St & Fulton St,40.708,-74.005
9144501,Clinton Ave & Flushing Ave,40.698,-73.97
7282942,Clinton Ave & Myrtle Ave,40.693,-73.969
9570558,Clinton St & 4 Place,40.678,-74.0
4332379,Clinton St & Centre St,40.674,-74.002
5295714,Clinton St & Cherry St,40.711,-73.987
10878000,Clinton St & Grand St,40.716,-73.987
12795167,Clinton St & Joralemon St,40.692,-73.993
4098158,Clinton St & Tillary St,40.696,-73.991
7756331,Clinton St & Union St,40.683,-73.998
5648202,Coffey St & Conover St,40.677,-74.016
6301587,Coffey St & Ferris St,40.678,-74.017
12257490,College Ave & E 170 St,40.838,-73.91
3000271,Columbia Heights & Cranberry St,40.7,-73.995
6417279,Columbia St & Degraw St,40.686,-74.002
11309617,Columbia St & Kane St,40.688,-74.002
3433202,Columbia St & Lorraine St,40.675,-74.008
461956,Columbia St & Rivington St,40.717,-73.98
12275920,Columbia St & W 9 St,40.677,-74.006
4924942,Columbus Ave & W 103 St,40.797,-73.964
1486248,Columbus Ave & W 72 St,40.777,-73.979
2382773,Columbus Ave & W 95 St,40.792,-73.968
4916996,Commerce St & Van Brunt St,40.681,-74.009
7505780,Concord St & Bridge St,40.698,-73.985
9438203,Concourse Village East & E 158 St,40.824,-73.919
7585511,Concourse Village West & E 156 St,40.823,-73.923
10483095,Congress St & Clinton St,40.688,-73.995
7565806,Congress St & Hicks St,40.689,-74.0
5116745,Convent Ave & W 135 St,40.818,-73.951
160074,Convent Ave & W 151 St,40.828,-73.943
610661,Cooper Square & Astor Pl,40.73,-73.991
12342873,Court St & Nelson St,40.676,-73.999
10354842,Court St & State St,40.69,-73.992
759755,Courtlandt Ave & E 149 St,40.816,-73.92
679281,Courtlandt Ave & E 157 St,40.822,-73.917
10637651,Crescent St & 30 Ave,40.769,-73.925
8414316,Crescent St & 34 Ave,40.761,-73.931
46348,Crescent St & 35 Ave,40.76,-73.932
4318594,Crescent St & Broadway,40.763,-73.929
2396421,Crescent St & Ditmars Blvd,40.779,-73.915
7911941,Creston Ave & E 178 St,40.851,-73.906
9345768,Creston Ave & E 181 St,40.855,-73.903
10151761,Crotona Park East & E 173 St,40.837,-73.89
4382567,Crotona Park North & Prospect Ave,40.841,-73.892
6768022,Cumberland St & Lafayette Ave,40.688,-73.973
4125887,Cypress Ave & George St,40.698,-73.903
8693437,Cypress Ave & Palmetto St,40.702,-73.909
7110968,Dahill Rd & 12 Ave,40.646,-73.981
7113005,Davidson Ave & W Burnside Ave,40.854,-73.909
8957267,Dawson St & Intervale Ave,40.82,-73.897
12075666,DeKalb Ave & Franklin Ave,40.691,-73.957
4812877,DeKalb Ave & Hudson Ave,40.69,-73.981
4237159,DeKalb Ave & S Portland Ave,40.69,-73.975
11280826,DeKalb Ave & Vanderbilt Ave,40.689,-73.969
12178898,Dean St & Franklin Ave,40.678,-73.956
3566544,Dean St & Hoyt St,40.686,-73.988
149993,Decatur Ave & Bedford Park Blvd,40.868,-73.884
2355526,Decatur Ave & E 197 St,40.866,-73.888
10299036,Decatur Ave & Oliver Pl,40.867,-73.886
5463021,Degraw St & Hoyt St,40.682,-73.991
2243333,Degraw St & Smith St,40.683,-73.993
11188443,Delancey St & Eldridge St,40.719,-73.992
6840408,Devoe St & Lorimer St,40.713,-73.949
6955755,Devoe St & Morgan Ave,40.714,-73.935
9421688,Ditmars Blvd & 19 St,40.781,-73.918
7835718,Ditmars Blvd & 43 St,40.771,-73.904
1807901,Ditmars Blvd & 48 St,40.769,-73.901
8101601,Ditmars Blvd & 73 St,40.768,-73.896
1807839,Ditmars Blvd & 76 St,40.768,-73.894
11876040,Ditmars Blvd & 79 St,40.769,-73.891
10977641,Division Ave & Hooper St,40.707,-73.954
10204589,Division Ave & Marcy Ave,40.707,-73.958
3518922,Division St & Bowery,40.714,-73.997
7105459,Dock 72 Way & Market St,40.7,-73.971
6398680,Dock St & Front St,40.703,-73.993
2976171,Douglass St & 3 Ave,40.68,-73.984
864830,Douglass St & 4 Ave,40.679,-73.982
2102273,Driggs Ave & Lorimer St,40.722,-73.95
9719651,Driggs Ave & N 9 St,40.718,-73.955
4431213,Driggs Ave & N Henry St,40.723,-73.943
3343710,Duane St & Hudson St,40.717,-74.009
10675488,Duffield St & Willoughby St,40.692,-73.984
11180558,Dwight St & Van Dyke St,40.674,-74.012
2896892,Dyckman St & 10 Ave,40.859,-73.923
9872838,Dyckman St & Henshaw St,40.867,-73.929
9027850,Dyckman St & Staff St,40.869,-73.932
10786874,E 1 St & 1 Ave,40.723,-73.989
5211883,E 10 St & 2 Ave,40.73,-73.987
3000650,E 10 St & Avenue A,40.727,-73.981
6128564,E 102 St & 1 Ave,40.787,-73.942
197877,E 102 St & Park Ave,40.79,-73.95
8830013,E 103 St & Lexington Ave,40.79,-73.948
2600724,E 106 St & 1 Ave,40.789,-73.94
12152593,E 106 St & 2 Ave,40.791,-73.942
3161530,E 106 St & Lexington Ave,40.792,-73.946
7642278,E 106 St & Madison Ave,40.793,-73.949
1214245,E 109 St & 3 Ave,40.793,-73.943
9466354,E 11 St & 1 Ave,40.73,-73.984
10506419,E 11 St & 3 Ave,40.731,-73.988
5447760,E 11 St & Avenue B,40.727,-73.98
2917649,E 110 St & Madison Ave,40.796,-73.948
8493641,E 114 St & 1 Ave,40.795,-73.936
8549142,E 115 St & Lexington Ave,40.798,-73.942
9483980,E 115 St & Madison Ave,40.799,-73.945
9631370,E 116 St & 2 Ave,40.797,-73.937
4887730,E 118 St & 1 Ave,40.797,-73.935
5325736,E 118 St & 3 Ave,40.799,-73.939
2891030,E 118 St & Madison Ave,40.801,-73.944
773730,E 118 St & Park Ave,40.801,-73.942
2178621,E 12 St & 3 Ave,40.732,-73.989
488415,E 12 St & Ave C,40.727,-73.977
8698458,E 123 St & Lexington Ave,40.803,-73.938
1492360,E 128 St & 3 Ave,40.806,-73.934
7777519,E 128 St & Madison Ave,40.808,-73.939
3266876,E 13 St & 2 Ave,40.732,-73.985
5450245,E 13 St & Avenue A,40.73,-73.981
2753367,E 132 St & Madison Ave,40.81,-73.937
12716047,E 133 St & Cypress Pl,40.803,-73.917
11660064,E 134 St & Walnut Ave,40.8,-73.911
9778054,E 135 St & St Ann's Ave,40.805,-73.919
10104716,E 138 St & 5 Av,40.814,-73.936
2600177,E 138 St & Canal St W,40.812,-73.929
9773097,E 138 St & Cypress Ave,40.806,-73.915
7684782,E 138 St & Grand Concourse,40.813,-73.931
10211091,E 138 St & Park Ave,40.813,-73.929
2657505,E 138 St & Willow Ave,40.804,-73.912
490488,E 14 St & 1 Ave,40.731,-73.983
825962,E 14 St & Avenue B,40.729,-73.978
5014806,E 141 St & Jackson Ave,40.807,-73.912
1916759,E 141 St & St Ann's Ave,40.809,-73.916
4532943,E 142 St & 3 Ave,40.813,-73.924
6579946,E 144 St & Brook Ave,40.812,-73.917
9223017,E 147 St & Bergen Ave,40.815,-73.918
11343712,E 149 St & Eagle Ave,40.814,-73.912
3192519,E 149 St & Jackson Ave,40.813,-73.909
8154129,E 149 St & Morris Ave,40.817,-73.923
2976315,E 149 St & Park Ave,40.818,-73.925
1540107,E 15 St & 3 Ave,40.734,-73.987
3431604,E 150 St & Gerard Ave,40.82,-73.929
697681,E 153 St & E 157 St,40.827,-73.929
6669435,E 155 St & Courtlandt Ave,40.821,-73.918
9688269,E 156 & Brook Ave,40.82,-73.912
5734178,E 156 St & Courtlandt Ave,40.821,-73.917
4363882,E 157 St & River Ave,40.826,-73.927
672205,E 158 St & Melrose Ave,40.822,-73.915
2527669,E 16 St & 5 Ave,40.737,-73.992
10048343,E 16 St & Irving Pl,40.735,-73.988
7220725,E 160 St & Tinton Ave,40.82,-73.904
7924819,E 161 St & Park Ave,40.825,-73.916
7789923,E 161 St & River Ave,40.828,-73.927
9560113,E 163 St & Tiffany St,40.821,-73.895
5656418,E 163 St & Union Ave,40.823,-73.902
362494,E 165 St & Clay Ave,40.828,-73.913
362976,E 165 St & Fox St,40.824,-73.894
9284283,E 165 St & Jerome Ave,40.833,-73.925
10443416,E 167 St & Bryant Ave,40.827,-73.889
5347389,E 167 St & Clay Ave,40.831,-73.911
7539513,E 167 St & Franklin Ave,40.829,-73.905
10168812,E 169 St & Fox St,40.827,-73.894
6281735,E 169 St & Webster Ave,40.834,-73.909
12726897,E 17 St & 2 Ave,40.734,-73.984
5387485,E 17 St & Broadway,40.737,-73.99
12527813,E 170 St & Clay Ave,40.837,-73.908
12142771,E 170 St & Sheridan Ave,40.838,-73.913
8130059,E 170 St & Webster Ave,40.836,-73.907
10384626,E 171 St & 3 Ave,40.837,-73.902
11763384,E 171 St & Webster Ave,40.838,-73.906
74031,E 174 St & Longfellow Ave,40.836,-73.884
2816094,E 174 St & Walton Ave,40.845,-73.912
9006638,E 182 St & Morris Ave,40.857,-73.903
1673789,E 188 St & Creston Ave,40.862,-73.899
3081343,E 19 St & 3 Ave,40.736,-73.985
1170566,E 2 St & 2 Ave,40.725,-73.991
6559323,E 2 St & Avenue A,40.723,-73.986
5761722,E 2 St & Avenue B,40.722,-73.984
551015,E 2 St & Avenue C,40.721,-73.981
8852382,E 20 St & 2 Ave,40.736,-73.982
5057263,E 20 St & FDR Dr,40.733,-73.976
481941,E 20 St & FDR Drive,40.733,-73.976
9451827,E 20 St & Park Ave,40.738,-73.988
2356433,E 201 St & Briggs Ave,40.872,-73.885
8564623,E 22 St & 2 Ave,40.737,-73.981
6236746,E 23 St & 1 Ave,40.737,-73.978
3292593,E 25 St & 1 Ave,40.738,-73.977
2964031,E 25 St & 2 Ave,40.739,-73.98
4523494,E 26 St & 3 Ave,40.741,-73.982
7694388,E 27 St & 1 Ave,40.739,-73.977
7056236,E 27 St & Park Ave S,40.743,-73.985
1857105,E 3 St & 1 Ave,40.725,-73.988
6995692,E 3 St & Church Ave,40.644,-73.977
8626319,E 30 St & Park Ave S,40.744,-73.983
12781943,E 31 St & 3 Ave,40.744,-73.98
7739100,E 32 St & Park Ave,40.746,-73.982
11027308,E 33 St & 1 Ave,40.743,-73.974
6441182,E 33 St & 5 Ave,40.748,-73.985
10563590,E 35 St & Madison Ave,40.748,-73.983
3895034,E 39 St & 2 Ave,40.748,-73.974
5149779,E 39 St & Lexington Ave,40.749,-73.977
7041309,E 4 St & 2 Ave,40.726,-73.99
8441526,E 4 St & Ave B,40.723,-73.983
2639021,E 40 St & 5 Ave,40.752,-73.982
8019179,E 40 St & Park Ave,40.751,-73.978
12668084,E 41 St & Madison Ave (SE corner),40.752,-73.98
9002724,E 41 St & Madison Ave (SW corner),40.752,-73.98
6071108,E 44 St & 2 Ave,40.751,-73.971
7588879,E 44 St & Lexington Ave,40.753,-73.975
11705473,E 45 St & 3 Ave,40.753,-73.973
12299076,E 47 St & 1 Ave,40.752,-73.968
7033110,E 47 St & 2 Ave,40.753,-73.97
9502888,E 47 St & Park Ave,40.755,-73.975
6312645,E 48 St & 3 Ave,40.755,-73.972
8546833,E 48 St & 5 Ave,40.757,-73.978
2780444,E 5 St & Ave A,40.725,-73.984
4998695,E 5 St & Avenue C,40.723,-73.98
1253083,E 5 St & Cooper Sq,40.728,-73.991
201240,E 50 St & Park Ave,40.757,-73.974
12258689,E 51 St & 1 Ave,40.755,-73.966
3491853,E 51 St & 2 Ave,40.755,-73.968
6142014,E 51 St & Lexington Ave,40.757,-73.972
5943270,E 53 St & Lexington Ave,40.758,-73.971
2034129,E 53 St & Madison Ave,40.76,-73.974
1848755,E 54 St & 1 Ave,40.756,-73.964
160420,E 55 St & 2 Ave,40.758,-73.966
11259846,E 56 St & 3 Ave,40.759,-73.968
12557975,E 56 St & Madison Ave,40.762,-73.973
12220051,E 58 St & 1 Ave (NE Corner),40.759,-73.962
4733088,E 58 St & 1 Ave (NW Corner),40.759,-73.963
7708653,E 58 St & 3 Ave,40.761,-73.967
338929,E 58 St & Madison Ave,40.763,-73.972
5580158,E 59 St & Madison Ave,40.764,-73.971
10698744,E 6 St & 2 Ave,40.727,-73.988
9856296,E 6 St & Avenue B,40.725,-73.982
6021688,E 6 St & Avenue D,40.722,-73.977
243139,E 6 St 2 Ave,40.727,-73.988
927747,E 60 St & York Ave,40.759,-73.959
2722621,E 63 St & 3 Ave,40.764,-73.965
6155307,E 65 St & 2 Ave,40.765,-73.962
11314392,E 66 St & Madison Ave,40.768,-73.968
4925705,E 67 St & Park Ave,40.768,-73.966
1246321,E 68 St & 3 Ave,40.767,-73.962
365112,E 68 St & Madison Ave,40.769,-73.967
5065061,E 7 St & Ave B,40.725,-73.981
1608295,E 7 St & Ave C,40.724,-73.979
8239506,E 7 St & Avenue A,40.726,-73.984
5265810,E 72 St & Park Ave,40.771,-73.964
224245,E 72 St & York Ave,40.767,-73.953
6854256,E 74 St & 1 Ave,40.769,-73.955
12528885,E 75 St & 3 Ave,40.771,-73.958
4028666,E 76 St & Park Ave,40.774,-73.962
5846558,E 77 St & 3 Ave,40.773,-73.959
9741587,E 78 St & 2 Ave,40.773,-73.956
11077293,E 8 St & Caton Ave,40.648,-73.972
5172570,E 80 St & 2 Ave,40.774,-73.954
3808395,E 81 St & 2 Ave,40.775,-73.954
12295959,E 81 St & 3 Ave,40.776,-73.957
6631112,E 81 St & Park Ave,40.777,-73.959
9914298,E 81 St & York Ave,40.773,-73.95
9789912,E 82 St & East End Ave,40.772,-73.947
7236178,E 84 St & 1 Ave,40.776,-73.951
6612249,E 84 St & Park Ave,40.779,-73.958
4686192,E 85 St & 3 Ave,40.778,-73.954
12568932,E 85 St & York Ave,40.775,-73.948
8048788,E 88 St & 1 Ave,40.778,-73.949
12061445,E 88 St & Park Ave,40.781,-73.956
6480428,E 89 St & 3 Ave,40.781,-73.952
5245186,E 89 St & York Ave,40.778,-73.946
6152235,E 9 St & 5 Ave,40.733,-73.996
9284362,E 9 St & Avenue C,40.725,-73.978
10490616,E 91 St & 2 Ave,40.781,-73.95
10011091,E 91 St & Park Ave,40.784,-73.955
7212587,E 92 St & Park Ave,40.784,-73.954
9853344,E 93 St & 2 Ave,40.782,-73.949
8369840,E 95 St & 3 Ave,40.785,-73.951
8249617,E 97 St & 3 Ave,40.786,-73.949
10035223,E 97 St & Madison Ave,40.788,-73.954
5495624,E 98 St & Park Ave,40.788,-73.952
9979310,E Burnside Ave & Ryer Ave,40.851,-73.901
4033482,E Fordham Rd & Webster Ave,40.862,-73.891
1615151,E Houston St & Columbia St,40.72,-73.979
10113571,E Mosholu Pkwy & E 204 St,40.874,-73.883
9434815,E Mosholu Pkwy & Van Cortlandt Ave E,40.877,-73.884
9278584,E Tremont Ave & E 176 St,40.848,-73.902
9464096,E Tremont Ave & Jerome Ave,40.852,-73.909
9817352,East End Ave & E 86 St,40.775,-73.944
6193006,Eastern Pkwy & Franklin Ave,40.671,-73.958
8277410,Eastern Pkwy & Washington Ave,40.672,-73.963
2504443,Edgecombe Ave & W 141 St,40.821,-73.945
2485017,Edgecombe Ave & W 145 St,40.823,-73.944
760879,Edgecombe Ave & W 150 St,40.827,-73.941
8918830,Edgecombe Ave & W 167 St,40.838,-73.936
7618273,Eldert St & Bushwick Ave,40.687,-73.913
3871722,Emerson Pl & Myrtle Ave,40.694,-73.962
12012649,Engert Ave & McGuinness Blvd,40.722,-73.945
17030,Evergreen Ave & Noll St,40.701,-73.933
6011730,FDR Drive & E 35 St,40.744,-73.971
4379411,Faile St & Garrison Ave,40.821,-73.888
3121908,Fairview Ave & Linden St,40.707,-73.906
3508384,Featherbed Ln & Jerome Ave,40.846,-73.914
11087935,Featherbed Ln & Nelson Ave,40.846,-73.92
12157523,Flatbush Ave & Eastern Pkwy,40.669,-73.966
1271934,Flatbush Ave & Ocean Ave,40.664,-73.963
12245711,Flushing Ave & Vanderbilt Ave,40.698,-73.971
12232267,Flushing Ave & Woodward Ave,40.712,-73.919
518801,Folin St & E 181 St,40.854,-73.898
3357983,Forest Ave & Summerfield St,40.699,-73.898
809033,Forsyth St & Broome St,40.719,-73.993
7033905,Forsyth St & Canal St,40.716,-73.994
4582150,Forsyth St\t& Grand St,40.718,-73.993
755791,Fort Washington Ave & W 173 St,40.845,-73.94
2677213,Fort Washington Ave & W 183 St,40.852,-73.938
10158103,Franklin Ave & E 169 St,40.832,-73.902
11670801,Franklin Ave & Myrtle Ave,40.695,-73.958
3772870,Franklin Ave & St Marks Ave,40.676,-73.956
12124470,Franklin St & Dupont St,40.736,-73.959
10289489,Franklin St & W Broadway,40.719,-74.007
1198257,Frederick Douglass Blvd & Harlem River Dr,40.831,-73.936
6972746,Frederick Douglass Blvd & W 112 St,40.802,-73.957
5316980,Frederick Douglass Blvd & W 115 St,40.804,-73.956
2047470,Frederick Douglass Blvd & W 117 St,40.805,-73.955
10212690,Frederick Douglass Blvd & W 129 St,40.813,-73.949
3318168,Frederick Douglass Blvd & W 139 St,40.819,-73.945
490128,Frederick Douglass Blvd & W 145 St,40.823,-73.942
4359513,Freeman St & Reverend James A Polite Ave,40.831,-73.895
8181004,Freeman St & Southern Blvd,40.83,-73.892
6295864,Front St & Gold St,40.702,-73.983
8276205,Front St & Jay St,40.702,-73.987
1020368,Front St & Washington St,40.703,-73.989
10358442,Frost St & Debevoise Ave,40.719,-73.939
6529174,Frost St & Meeker Ave,40.718,-73.949
9046388,Ft. Hamilton Pkwy & E 2 St,40.648,-73.979
6482924,Ft. Hamilton Pkwy & E 5 St,40.649,-73.977
6920831,Ft. Washington Ave & W 190 St,40.857,-73.936
12412182,Fulton Ave & E 168 St,40.83,-73.905
148778,Fulton Ave & E 172 St,40.839,-73.899
11039495,Fulton Ave & St. Paul's Pl,40.835,-73.902
8034075,Fulton St & Adams St,40.692,-73.989
5286620,Fulton St & Broadway,40.711,-74.009
3363326,Fulton St & Clermont Ave,40.684,-73.969
12298014,Fulton St & Irving Pl,40.682,-73.959
417443,Fulton St & Pearl St,40.708,-74.004
8524058,Fulton St & Utica Ave,40.679,-73.93
2515685,Fulton St & Waverly Ave,40.683,-73.966
1823455,Fulton St & William St,40.71,-74.007
9708196,Gansevoort St & Hudson St,40.739,-74.005
5298183,Garfield Pl & 8 Ave,40.671,-73.975
6825152,Garrison Ave & Manida St,40.819,-73.89
4912801,George St & Wilson Ave,40.703,-73.93
8951450,Gerard Ave & E 146 St,40.818,-73.93
742946,Gerard Ave & E 164 St,40.83,-73.923
11366722,Gerard Ave & E 165 St,40.832,-73.922
10589591,Gerard Ave & McClellan St,40.834,-73.921
8136291,Goble Pl & Macombs Rd,40.844,-73.917
11667019,Goulden Ave & Bedford Park Blvd W,40.874,-73.895
6872996,Goulden Ave & W 197 St,40.872,-73.897
3808435,Goulden Ave & W 205 St,40.878,-73.892
613019,Graham Ave & Conselyea St,40.715,-73.945
7983715,Graham Ave & Grand St,40.712,-73.944
10352543,Graham Ave & Herbert St,40.719,-73.945
9624965,Graham Ave & Withers St,40.717,-73.945
510435,Grand Army Plaza & Central Park S,40.764,-73.974
11051276,Grand Army Plaza & Plaza St West,40.673,-73.971
1137442,Grand Ave & Bergen St,40.678,-73.962
12311791,Grand Ave & W 181 St,40.856,-73.907
5636739,Grand Ave & W Fordham Rd,40.863,-73.903
4900184,Grand Concourse & E 144 St,40.817,-73.928
10595972,Grand Concourse & E 156 St,40.823,-73.925
9527874,Grand Concourse & E 161 St,40.827,-73.923
288922,Grand Concourse & E 164 St,40.83,-73.921
393598,Grand Concourse & E 166 St,40.832,-73.92
11765867,Grand Concourse & E 167 St,40.834,-73.918
1728961,Grand Concourse & E 171 St,40.84,-73.913
3776377,Grand Concourse & E 175 St,40.846,-73.909
4201069,Grand Concourse & E 192 St,40.864,-73.895
11467036,Grand Concourse & E 196 St,40.868,-73.893
5063149,Grand Concourse & E 197 St,40.869,-73.891
988393,Grand Concourse & E 199 St,40.871,-73.888
2549071,Grand Concourse & E 203 St,40.874,-73.887
6066212,Grand Concourse & E 205 St,40.876,-73.886
311704,Grand Concourse & E Mosholu Pkwy S,40.878,-73.885
1579532,Grand Concourse & East Mount Eden Ave,40.843,-73.912
6728983,Grand St & Elizabeth St,40.719,-73.996
12639936,Grand St & Greene St,40.722,-74.002
7071939,Grand St & Havemeyer St,40.713,-73.957
5293360,Grand St & Samuel Dickstein Plaza,40.715,-73.984
10453639,Grant Ave & E 169 St,40.836,-73.914
12742779,Great Jones St,40.727,-73.994
12708800,Green St & McGuinness Blvd,40.734,-73.952
6077345,Greene Av & Myrtle Av,40.699,-73.919
8302530,Greene Ave & Grandview Ave,40.71,-73.908
6245503,Greene Ave & Nostrand Ave,40.688,-73.951
9563905,Greene Ave & Throop Ave,40.689,-73.942
12707809,Greene St & Prince St,40.725,-73.999
9081992,Greenpoint Ave & Manhattan Ave,40.73,-73.954
151816,Greenwich Ave & 8 Ave,40.739,-74.003
7881560,Greenwich Ave & Charles St,40.735,-74.0
3910260,Greenwich St & Hubert St,40.721,-74.01
3195503,Greenwich St & Perry St,40.735,-74.007
2336211,Greenwich St & Rector St,40.708,-74.014
8202836,Greenwich St & W Houston St,40.729,-74.009
7752952,Greenwood Ave & E 4 St,40.651,-73.978
3141260,Grove St & Broadway,40.69,-73.924
3087944,Halsey St & Broadway,40.686,-73.916
1670977,Halsey St & Evergreen Ave,40.689,-73.912
5482937,Halsey St & Tompkins Ave,40.682,-73.944
359791,Hamilton Pl & W 138 St,40.822,-73.953
1006985,Hamilton Pl & W 140 St,40.823,-73.951
6267289,Hancock St & Bedford Ave,40.682,-73.954
4043755,Hancock St & Wyckoff Ave,40.697,-73.907
10283897,Hanson Pl & Ashland Pl,40.685,-73.978
2293215,Harlem River Dr & W 155 St,40.83,-73.94
9027089,Harman St & Seneca Ave,40.706,-73.913
2883124,Harrison Pl & Porter Ave,40.707,-73.929
12513140,Harrison St & Hudson St,40.719,-74.009
7411772,Hart St & Wyckoff Ave,40.705,-73.92
1691569,Hazen St & 20 Ave,40.772,-73.895
2313674,Henry St & Atlantic Ave,40.691,-73.996
8502708,Henry St & Bay St,40.673,-74.005
3317532,Henry St & Degraw St,40.685,-73.999
9183557,Henry St & Grand St,40.714,-73.981
1067734,Henry St & Middagh St,40.7,-73.992
2644536,Henry St & Remsen St,40.694,-73.995
1033050,Henry St & W 9 St,40.676,-74.003
2582137,Hicks St & Montague St,40.695,-73.996
12396021,Hoe Ave & Jennings St,40.832,-73.89
12526062,Home St & Westchester Ave,40.828,-73.887
6131327,Hope St & Union Ave,40.712,-73.951
3216183,Howard St & Lafayette St,40.719,-74.0
11149392,Hoyt St & Warren St,40.684,-73.989
3924066,Hudson Blvd E & W 36 St,40.756,-74.0
4719680,Hudson St & N Moore St,40.72,-74.009
11851403,Hudson St & Reade St,40.716,-74.009
4198124,Hudson St & W 13 St,40.74,-74.005
1693558,Humboldt St & Varet St,40.703,-73.941
298940,Hunts Point Ave & Bryant Ave,40.814,-73.886
9991834,Huron St & Franklin St,40.733,-73.958
891638,Icahn Stadium,40.793,-73.924
1851177,India St & Manhattan Ave,40.732,-73.955
7436891,India St Pier,40.732,-73.961
8950649,Intervale Ave & Kelly St,40.827,-73.896
10209997,Intervale Ave & Westchester Ave,40.822,-73.897
9913339,Inwood Ave & W 170 St,40.84,-73.919
12342018,Irving Ave & DeKalb Ave,40.703,-73.921
9620212,Irving Ave & Halsey St,40.695,-73.907
9564233,Irving Ave & Harman St,40.701,-73.918
10364047,Irving Ave & Jefferson St,40.705,-73.925
12504676,Irving Ave & Palmetto St,40.698,-73.913
3411664,Isham St & Broadway,40.868,-73.92
11012690,Jackson Ave & 46 Rd,40.745,-73.947
9309425,Jackson St & Leonard St,40.716,-73.948
7268571,Jay St & Tech Pl,40.695,-73.987
5076587,Jay St & York St,40.701,-73.987
7389398,Jefferson Ave & Evergreen Ave,40.69,-73.915
3681249,Jefferson St & Cypress Ave,40.709,-73.922
657503,Jerome Ave & Anderson Ave,40.83,-73.929
736448,Jerome Ave & Bedford Park Blvd E,40.873,-73.89
1155773,Jerome Ave & E 164 St,40.831,-73.926
10275122,Jerome Ave & E 181 St,40.856,-73.906
3928425,Jerome Ave & E 198 St,40.871,-73.893
7293611,Jerome Ave & E Mosholu Parkway S,40.879,-73.885
7282899,Jerome Ave & Ogden Ave,40.83,-73.931
2455847,Jerome Ave & W 177 St,40.85,-73.911
11662564,Jerome Ave & W 184 St,40.861,-73.903
7211609,Jerome Ave & W 193 St,40.867,-73.898
3768777,Jerome Ave & W 195 St,40.869,-73.897
11725512,Jerome Ave & W Fordham Rd,40.863,-73.901
7498876,John St & William St,40.709,-74.007
6595158,Johnson St & Gold St,40.695,-73.984
3661225,Kane St & Clinton St,40.686,-73.996
6611445,Kenmare St & Elizabeth St,40.721,-73.995
9061234,Kent Ave & Division Ave,40.707,-73.968
8609691,Kent Ave & N 7 St,40.72,-73.962
1778794,Kent Ave & S 11 St,40.708,-73.968
6264896,Kent St & McGuinness Blvd,40.731,-73.952
12583920,King St & Varick St,40.728,-74.005
12598926,Kingsland Ave & Nassau Ave,40.726,-73.942
1095596,Kingston Ave & Herkimer St,40.679,-73.941
11692390,Knickerbocker Ave & Cooper St,40.691,-73.904
5496993,Knickerbocker Ave & George St,40.704,-73.928
7223318,Knickerbocker Ave & Halsey St,40.693,-73.908
6719207,Knickerbocker Ave & Hancock St,40.694,-73.91
11220083,Knickerbocker Ave & Thames St,40.705,-73.93
11204657,Kosciuszko St & Nostrand Ave,40.691,-73.951
234075,Kosciuszko St & Tompkins Ave,40.691,-73.945
1622210,LaGuardia Pl & W 3 St,40.729,-73.998
7064182,Lab - NYC,40.754,-73.997
5745683,Lafayette Ave & Classon Ave,40.689,-73.96
477215,Lafayette Ave & Ft Greene Pl,40.687,-73.977
12436958,Lafayette Ave & Hunts Point Ave,40.817,-73.888
6529822,Lafayette Ave & St James Pl,40.689,-73.965
868251,Lafayette St & E 8 St,40.73,-73.991
3692313,Lafayette St & Jersey St,40.725,-73.996
11167635,Laight St & Hudson St,40.722,-74.008
2390423,Lawrence St & Willoughby St,40.692,-73.986
2611984,Lefferts Pl & Franklin Ave,40.68,-73.956
2457260,Lenox Ave & W 111 St,40.799,-73.952
6893798,Lenox Ave & W 115 St,40.801,-73.95
1906969,Lenox Ave & W 117 St,40.803,-73.949
6555688,Lenox Ave & W 126 St,40.808,-73.945
5312776,Lenox Ave & W 130 St,40.811,-73.943
5098319,Lenox Ave & W 133 St,40.813,-73.942
5666344,Lenox Ave & W 140 St,40.817,-73.939
4512336,Lenox Ave & W 144 St,40.82,-73.937
9533201,Lenox Ave & W 146 St,40.821,-73.936
11378769,Leonard St & Boerum St,40.706,-73.946
4481527,Leonard St & Church St,40.718,-74.006
11926357,Leonard St & Maujer St,40.71,-73.947
2016070,Leonard St & Nassau Ave,40.724,-73.95
5388605,Lewis Ave & Decatur St,40.681,-73.935
6096591,Lewis Ave & Kosciuszko St,40.692,-73.937
7121913,Lewis Ave & Madison St,40.686,-73.936
813507,Lexington Ave & Classon Ave,40.687,-73.959
82817,Lexington Ave & E 111 St,40.795,-73.944
3327628,Lexington Ave & E 120 St,40.801,-73.94
12411296,Lexington Ave & E 127 St,40.806,-73.936
9831790,Lexington Ave & E 128 St,40.806,-73.936
11135820,Lexington Ave & E 24 St,40.74,-73.984
3015104,Lexington Ave & E 26 St,40.741,-73.983
4802615,Lexington Ave & E 29 St,40.743,-73.982
6660057,Lexington Ave & E 36 St,40.748,-73.979
740119,Liberty St & Nassau St,40.709,-74.009
5386543,Lincoln Ave & E 134 St,40.808,-73.929
3376700,Lincoln Ave & E 138 St,40.811,-73.927
9294241,Lincoln Pl & Classon Ave,40.672,-73.961
10389723,Linden St & Knickerbocker Ave,40.697,-73.916
43394,Lispenard St & Broadway,40.719,-74.002
2020725,Little West St & 1 Pl,40.706,-74.017
4666916,Longfellow Ave & E 165 St,40.825,-73.888
12063160,Longwood Ave & Southern Blvd,40.816,-73.896
10502300,Lorimer St & Broadway,40.704,-73.948
3363834,Loring Pl North & W 183 St,40.86,-73.909
10556148,Louis Nine Blvd & Intervale Ave,40.832,-73.893
6017184,MacDougal St & Prince St,40.727,-74.003
4096908,MacDougal St & Washington Sq,40.732,-73.999
621045,Macombs Pl & W 152 St,40.826,-73.938
9327030,Macombs Rd & Featherbed Ln,40.846,-73.917
7893449,Macombs Rd & W 175 St,40.848,-73.916
9012222,Macon St & Nostrand Ave,40.681,-73.95
5676793,Madison Av & E 51 St,40.759,-73.975
3031739,Madison Ave & E 120 St,40.803,-73.943
12132210,Madison Ave & E 26 St,40.743,-73.987
3523423,Madison Ave & E 82 St,40.778,-73.961
10249295,Madison Ave & E 99 St,40.789,-73.952
6570655,Madison St & Clinton St,40.713,-73.988
6070674,Madison St & Cypress Ave,40.701,-73.907
9991218,Madison St & Evergreen Ave,40.691,-73.917
7173217,Madison St & Forest Ave,40.705,-73.903
5216511,Madison St & Montgomery St,40.713,-73.985
8385067,Madison St & Seneca Ave,40.702,-73.906
8369709,Madison St & Woodward Ave,40.704,-73.904
4349084,Maiden Ln & Pearl St,40.707,-74.007
5273899,Manhattan Av & Leonard St,40.721,-73.948
303325,Marcus Garvey Blvd & Macon St,40.683,-73.938
6496165,Marcy Ave & Lafayette Ave,40.69,-73.948
12257971,Margaret Corbin Plz & Ft Washington Ave,40.859,-73.934
3463277,Marion Ave & Mosholu Pkwy,40.87,-73.882
4096170,Market St & Cherry St,40.711,-73.994
2512925,Market St & Henry St,40.713,-73.994
6148842,McDonald Ave & Vanderbilt St,40.652,-73.981
5356858,McGuinness Blvd & Eagle St,40.736,-73.953
12459996,McKibbin St & Bogart St,40.706,-73.934
11614050,McKibbin St & Manhattan Ave,40.705,-73.944
11442322,Melrose Ave & E 150 St,40.817,-73.917
11711715,Melrose Ave & E 154 St,40.82,-73.916
8973404,Melrose St & Broadway,40.697,-73.936
12002482,Menahan St & Central Ave,40.695,-73.92
5636364,Menahan St & Onderdonk Ave,40.706,-73.91
1618060,Menahan St & Seneca Ave,40.705,-73.911
3844078,Menahan St & Wyckoff Ave,40.701,-73.914
1058266,Mercer St & Bleecker St,40.727,-73.997
3360098,Mercer St & Spring St,40.724,-73.999
9837038,Meserole Ave & Manhattan Ave,40.727,-73.953
4341636,Metropolitan Ave & Bedford Ave,40.715,-73.96
11638734,Metropolitan Ave & Meeker Ave,40.714,-73.952
9927158,Metropolitan Ave & Stewart Ave,40.714,-73.928
2940287,Metropolitan Ave & Vandervoort Ave,40.714,-73.933
5072733,Milton St & Franklin St,40.729,-73.958
2544434,Moffat St & Bushwick,40.685,-73.909
10236009,Monroe St & Bedford Ave,40.685,-73.954
9177849,Monroe St & Classon Ave,40.685,-73.959
10945987,Monroe St & Tompkins Ave,40.686,-73.945
3971286,Montague St & Clinton St,40.694,-73.992
9055671,Montgomery St & Franklin Ave,40.666,-73.961
4189398,Montrose Ave & Bushwick Ave,40.708,-73.94
889111,Morgan Ave & Lombardy St,40.722,-73.939
7241270,Morgan Ave & Maspeth Ave,40.717,-73.936
10915798,Morgan Bike Mechanics,40.71,-73.931
11644251,Morgan Loading Docks,40.71,-73.932
10110176,Morgan WH station,40.71,-73.932
3667766,Morningside Ave & W 123 St,40.81,-73.955
6632315,Morningside Dr & Amsterdam Ave,40.81,-73.957
454047,Morris Ave & E 142 St,40.814,-73.925
651538,Morris Ave & E 153 St,40.82,-73.921
3819957,Morris Ave & E 163 St,40.827,-73.918
2978098,Morris Ave & E 171 St,40.839,-73.911
3017394,Morris Ave & E 184 St,40.86,-73.901
8885546,Morris Ave & E Burnside Ave,40.853,-73.905
12541453,Morris Ave & McClellan St,40.832,-73.915
12078319,Morton St & Washington St,40.731,-74.009
6447448,Motorgate,40.764,-73.948
11524156,Mott St & Prince St,40.723,-73.995
4412531,Mount Eden Pkwy & Eastburn Ave,40.843,-73.909
9653638,Mt Morris Park W & W 120 St,40.804,-73.946
4072730,Murray St & Greenwich St,40.715,-74.011
795188,Murray St & West St,40.715,-74.013
10283974,Murray St\t& West St,40.715,-74.012
5306463,Myrtle Ave & Fleet Pl,40.694,-73.982
7918092,Myrtle Ave & Grove St,40.699,-73.915
12725367,Myrtle Ave & Lewis Ave,40.697,-73.938
123737,Myrtle Ave & Linden St,40.699,-73.913
7669674,Myrtle Ave & Marcy Ave,40.695,-73.95
7610262,Myrtle Ave & St Edwards St,40.693,-73.977
1658750,N 11 St & Kent Ave,40.722,-73.959
1211936,N 12 St & Bedford Ave,40.721,-73.955
6732580,N 15 St & Wythe Ave,40.724,-73.956
5830399,N 6 St & Bedford Ave,40.717,-73.959
10760963,N Moore St & Hudson St,40.72,-74.008
4170652,Nagle Ave & Ellwood St,40.86,-73.928
7622957,Nagle Ave & Thayer St,40.861,-73.926
5174522,Nassau Ave & Newell St,40.725,-73.948
4757488,Nassau Ave & Russell St,40.726,-73.944
10113551,Nassau St & Navy St,40.698,-73.981
7480407,Nassau St\t& Duffield St,40.698,-73.984
6885027,Nelson Ave & 167 St,40.837,-73.926
10756635,Nelson Ave & W 172 St,40.844,-73.921
8563557,Nevins St & Schermerhorn St,40.687,-73.982
202289,Newton Rd & 44 St,40.76,-73.914
2396527,Newtown Ave & 23 St,40.771,-73.925
7873783,Norfolk St & Broome St,40.717,-73.988
1419220,Norman St & Wyckoff Ave,40.695,-73.903
8871380,North Moore St & Greenwich St,40.72,-74.01
11238518,Nostrand Ave & Myrtle Ave,40.695,-73.952
11682391,Ocean Pkwy & Church Ave,40.645,-73.975
642551,Ogden Ave & Merriam Ave,40.839,-73.926
6100720,Ogden Ave & W 164 St,40.833,-73.929
11598351,Ogden Ave & W 165 St,40.834,-73.928
8329342,Old Broadway & W 133 St,40.818,-73.955
9311512,Old Fulton St,40.703,-73.994
6198772,Old Slip & South St,40.703,-74.008
9833300,Onderdonk Ave & Dekalb Ave,40.709,-73.915
12145816,Onderdonk Ave & Gates Ave,40.704,-73.907
8708648,Orchard St & Grand St,40.717,-73.991
5859378,Pacific St & Classon Ave,40.679,-73.959
5609396,Pacific St & Nevins St,40.685,-73.983
8164083,Parade Pl & Crooke Ave,40.652,-73.965
9893524,Park Ave & E 124 St,40.805,-73.94
643446,Park Ave & E 162 St,40.826,-73.916
492689,Park Ave & Marcus Garvey Blvd,40.699,-73.941
7499003,Park Ave & St Edwards St,40.696,-73.978
12093375,Park Cir & East Dr,40.652,-73.972
4741211,Park Pl & Church St,40.713,-74.009
9010869,Park Pl & Franklin Ave,40.674,-73.956
6561579,Paul Ave & Mosholu Pkwy,40.88,-73.886
4699289,Paul Ave & W 205 St,40.877,-73.889
413389,Pearl St & Hanover Square,40.705,-74.009
5256201,Pearl St & Peck Slip,40.708,-74.003
7124895,Perry St & Bleecker St,40.735,-74.005
5305551,Perry St & Greenwich Ave,40.736,-74.001
11109129,Picnic Point,40.685,-74.025
2051810,Pier 40 - Hudson River Park,40.728,-74.011
287145,Pierrepont St & Monroe Pl,40.695,-73.993
9725054,Pike St & E Broadway,40.714,-73.993
536963,Pike St & Monroe St,40.712,-73.992
9839415,Pinehurst Ave & W 187 St,40.855,-73.938
180495,Pioneer St & Richards St,40.678,-74.009
10233693,Pioneer St & Van Brunt St,40.679,-74.011
8736434,Pitt St & Stanton St,40.719,-73.982
8700312,Plaza Dr & W 170 St,40.84,-73.918
6859656,Plaza St East & Flatbush Ave,40.673,-73.969
8435504,Plaza St West & Flatbush Ave,40.675,-73.971
7931244,Pleasant Ave & E 116 St,40.795,-73.933
2438564,Pleasant Ave & E 120 St,40.797,-73.931
3017079,Popham Ave & W 174 St,40.848,-73.922
6080788,Powers St & Olive St,40.713,-73.939
6815508,President St & 4 Ave,40.677,-73.983
201892,President St & Henry St,40.683,-74.0
9914467,Prospect Ave & E 151 St,40.814,-73.904
11503648,Prospect Ave & E 167 St,40.826,-73.899
6159786,Prospect Ave & Greenwood Ave,40.652,-73.976
12167880,Prospect Ave & Jennings St,40.832,-73.897
3467164,Prospect Ave & Longwood Ave,40.819,-73.902
5111232,Prospect Ave & Vanderbilt St,40.653,-73.976
2875668,Prospect Park SW & 10 Ave,40.66,-73.978
858250,Prospect Park SW & 16 St,40.657,-73.974
2864188,Prospect Park SW & Greenwood Ave,40.653,-73.973
3292306,Prospect Park SW & Vanderbilt St,40.655,-73.973
5287932,Prospect Park W & 20 St,40.657,-73.984
5317182,Prospect Park West & 8 St,40.665,-73.976
2949671,Prospect Pl & 6 Ave,40.679,-73.975
5156374,Prospect Pl & Underhill Ave,40.677,-73.966
9024257,Prospect Pl & Vanderbilt Ave,40.678,-73.969
3053359,Pulaski St & Marcus Garvey Blvd,40.693,-73.94
1760416,Putnam Ave & Knickerbocker Ave,40.695,-73.912
3511445,Putnam Ave & Nostrand Ave,40.684,-73.95
2311403,Putnam Ave & Throop Ave,40.685,-73.941
11421794,Putnam Ave & Wyckoff Ave,40.698,-73.909
7824804,Queens Plaza North & Crescent St,40.751,-73.941
5743893,Railroad Ave & Kay Ave,40.705,-73.971
9330384,Reade St & Broadway,40.715,-74.006
3081076,Richards St & Delavan St,40.679,-74.008
7684497,Richardson St & N Henry St,40.719,-73.942
765976,River Ave & E 151 St,40.822,-73.929
12367659,River Ave & E 153 St,40.824,-73.928
290200,River Ave & McClellan St,40.834,-73.922
5798980,River Ter & Warren St,40.718,-74.016
4380326,Riverside Blvd & W 67 St,40.778,-73.989
560978,Riverside Dr & Broadway,40.865,-73.928
11372400,Riverside Dr & W 104 St,40.801,-73.971
11731170,Riverside Dr & W 138 St,40.823,-73.956
9859867,Riverside Dr & W 145 St,40.827,-73.952
3738392,Riverside Dr & W 148 St,40.829,-73.95
9049730,Riverside Dr & W 153 St,40.832,-73.95
10548896,Riverside Dr & W 72 St,40.781,-73.986
10817601,Riverside Dr & W 78 St,40.784,-73.984
6986302,Riverside Dr & W 82 St,40.787,-73.981
10256450,Riverside Dr & W 91 St,40.793,-73.977
5739103,Rivington St & Chrystie St,40.721,-73.992
3032989,Rivington St & Ridge St,40.719,-73.983
4316985,Rockaway Ave & Bainbridge St,40.683,-73.912
2671783,Roebling St & N 4 St,40.715,-73.957
10859714,Rogers Ave & Sterling St,40.663,-73.954
2793853,Rogers Pl & E 165 St,40.824,-73.897
6104680,Roosevelt Island Tramway,40.757,-73.954
1776391,Rutgers St & Henry St,40.713,-73.99
10061609,Ryer Ave & E 182 St,40.856,-73.9
1812504,S 3 St & Bedford Ave,40.713,-73.963
9574214,S 4 St & Rodney St,40.709,-73.956
8846919,S 4 St & Wythe Ave,40.713,-73.966
9804964,S 5 Pl & S 5 St,40.71,-73.961
1840854,S Portland Ave & Hanson Pl,40.685,-73.974
737660,Sands St & Jay St,40.7,-73.986
9151549,Sands St Gate,40.7,-73.98
3018322,Schermerhorn St & Bond St,40.688,-73.985
5162629,Schermerhorn St & Court St,40.691,-73.992
11382454,Scholes St & Manhattan Ave,40.709,-73.945
5286950,Seaman Ave & Beak St,40.868,-73.926
6127456,Seaman Ave & Isham St,40.87,-73.921
11679875,Sedgwick Ave & Hall of Fame Tce,40.86,-73.913
2829738,Sedgwick Ave & W Burnside Ave,40.855,-73.917
552226,Sedgwick Ave & W Tremont Ave,40.853,-73.918
1284889,Seneca Ave & Irvine St,40.819,-73.889
11305987,Shakespeare Ave & W 169 St,40.839,-73.922
9842714,Sharon St & Olive St,40.715,-73.939
11987514,Sharon St & Olive St_new,40.715,-73.938
5665368,Sheridan Ave & E 168 St,40.835,-73.915
10752447,Sheridan Ave & E 172 St,40.84,-73.911
11838860,Sherman Ave & E 166 St,40.831,-73.917
1249337,Sherman Ave & Thayer St,40.863,-73.927
6725387,Shore Blvd & Astoria Park,40.78,-73.923
11713981,Sigourney St & Columbia St,40.673,-74.009
11747445,Skillman Ave & 32 Pl,40.747,-73.932
11748334,Skillman Ave & 43 Ave,40.747,-73.932
11965611,Skillman Ave & Honeywell St,40.747,-73.929
9722293,Smith St & 3 St,40.679,-73.996
5159639,Smith St & 9 St,40.675,-73.998
9169209,Soissons Landing,40.692,-74.015
9603288,Somers St & Broadway,40.679,-73.905
8043975,South St & Broad St,40.702,-74.011
12782263,South St & Gouverneur Ln,40.704,-74.007
6867131,South St & Pike St,40.71,-73.992
12125400,South St & Whitehall St,40.701,-74.012
910836,Southern Blvd & Avenue St. John,40.813,-73.902
11170179,Southern Blvd & E 142 St,40.807,-73.908
479116,Southern Blvd & E 149 St,40.812,-73.904
12163449,Southern Blvd & E 172 St,40.834,-73.89
10459273,Southern Blvd & E 174 St,40.837,-73.888
11592448,Southern Blvd & E 175 St,40.839,-73.886
6871909,Southern Blvd & Tiffany St,40.818,-73.894
4507115,Southpoint Park,40.754,-73.959
380664,Spring St & Hudson St,40.726,-74.008
6546050,Spruce St & Gold St,40.71,-74.004
1919380,Spruce St & Nassau St,40.711,-74.006
11969901,St Ann's Ave & Westchester Ave,40.816,-73.912
7192599,St James Pl & Oliver St,40.713,-73.999
12475447,St James Pl & Pearl St,40.711,-74.0
75546,St Johns Pl & Washington Ave,40.674,-73.963
7376763,St Marks Pl & 1 Ave,40.728,-73.986
10936676,St Marks Pl & 2 Ave,40.728,-73.987
3473520,St Marks Pl & 4 Ave,40.682,-73.98
2243139,St Mary's St & Jackson Ave,40.809,-73.911
2502424,St Nicholas Ave & Manhattan Ave,40.81,-73.953
7016709,St Nicholas Ave & W 134 St,40.816,-73.948
9141377,St Nicholas Ave & W 137 St,40.818,-73.948
426435,St Nicholas Ave & W 150 St,40.827,-73.943
4543702,St. Ann's Av & Bruckner Blvd,40.803,-73.92
4339738,St. Ann's Ave & E 144 St,40.811,-73.915
6345639,St. Nicholas Ave & W 126 St,40.811,-73.952
2043873,St. Nicholas Ave & W 155 St,40.831,-73.941
9508432,St. Nicholas Ave & W 157 St,40.832,-73.941
197577,St. Nicholas Terrace & Convent Ave,40.821,-73.948
9333963,Stagg St & Morgan Ave,40.711,-73.934
12103076,Stagg St & Union Ave,40.709,-73.951
10378613,Stanhope St & Fairview Ave,40.71,-73.911
7106492,Stanton St & Chrystie St,40.722,-73.991
5686498,Stanton St & Mangin St,40.718,-73.976
7563945,Stanton St & Norfolk St,40.721,-73.986
1536789,State St & Smith St,40.689,-73.989
6488810,Steinway St & 19 Ave,40.778,-73.9
2916146,Steinway St & 21 Ave,40.775,-73.904
2072870,Steinway St & 23 Ave,40.771,-73.908
4855950,Steinway St & 28 Ave,40.766,-73.914
9903746,Steinway St & Broadway,40.759,-73.919
6161332,Steinway St & Ditmars Blvd,40.773,-73.906
7897374,Stephen St & Seneca Ave,40.699,-73.901
9695768,Sterling Pl & 5 Ave,40.679,-73.979
11496556,Sterling Pl & Bedford Ave,40.673,-73.954
7845027,Sterling St & Bedford Ave,40.663,-73.957
11948104,Stewart Ave & Johnson Ave,40.709,-73.926
7385115,Stockholm St & Wilson Ave,40.699,-73.923
3474055,Stuyvesant Walk & 1 Av Loop,40.732,-73.979
10432233,Suffolk St & Stanton St,40.721,-73.985
7599635,Sullivan Pl & Bedford Ave,40.664,-73.957
7136829,Sullivan Pl & Franklin Ave,40.664,-73.96
8173163,Sullivan St & Washington Sq,40.73,-73.999
12028410,Sunken Meadow Comfort Station,40.796,-73.919
12712531,Suydam St & Broadway,40.695,-73.932
8697215,Suydam St & Knickerbocker Ave,40.702,-73.924
1255605,Suydam St & St. Nicholas Ave,40.706,-73.919
8347278,Thompson St & Bleecker St,40.728,-74.0
4467673,Throop Ave & Myrtle Ave,40.696,-73.944
891543,Tiebout Ave & E 184 St,40.858,-73.896
10048641,Tiebout Ave & E Fordham Road,40.862,-73.895
2843400,Tinton Ave & E 165 St,40.825,-73.902
10326618,Tompkins Ave & Hopkins St,40.7,-73.947
11680848,Townsend Ave & E 175 St,40.847,-73.911
3280140,Underhill Ave & Lincoln Pl,40.674,-73.967
899953,Underhill Ave & Pacific St,40.68,-73.965
9553269,Union Ave & E 169 St,40.83,-73.899
10649624,Union Ave & Jackson St,40.716,-73.952
7865999,Union Ave & N 12 St,40.719,-73.952
8322928,Union Ave & Wallabout St,40.7,-73.95
1063134,Union St & 4 Ave,40.677,-73.983
1176342,Union St & Bedford Ave,40.669,-73.955
8005876,Union St & Nevins St,40.679,-73.988
10665902,University Ave & Brandt Pl,40.848,-73.918
360218,University Ave & Macombs Rd,40.85,-73.916
2039640,University Ave & W 168 St,40.839,-73.927
6837771,University Ave & W Burnside Ave,40.855,-73.911
1461093,University Pl & E 14 St,40.735,-73.992
9284822,University Pl & E 8 St,40.731,-73.995
11203873,Valentine Ave & E 181 St,40.854,-73.899
11950536,Valentine Ave & E 183 St,40.857,-73.898
8475239,Van Brunt St & Van Dyke St,40.676,-74.015
10490952,Van Brunt St & Wolcott St,40.677,-74.013
3309237,Van Buren St & Broadway,40.692,-73.926
11124485,Van Dam St & Greenpoint Ave,40.734,-73.938
11232064,Van Dam St & Review Ave,40.734,-73.938
10142825,Van Sinderen Ave & Truxton St,40.679,-73.904
2102502,Vernon Blvd & 10 St,40.767,-73.937
1507546,Vernon Blvd & 30 Rd,40.771,-73.934
10794861,Vernon Blvd & 31 Ave,40.769,-73.935
5199230,Vernon Blvd & 41 Rd,40.755,-73.949
7879508,Vernon Blvd & 47 Rd,40.745,-73.953
7620038,Vernon Blvd & 50 Ave,40.742,-73.954
6857332,Verona Pl & Fulton St,40.68,-73.948
4016019,Vesey Pl & River Terrace,40.715,-74.017
11710501,Vesey St & Church St,40.712,-74.01
4802991,W 10 St & Washington St,40.733,-74.009
10720475,W 100 St & Broadway,40.797,-73.97
6887762,W 100 St & Manhattan Ave,40.795,-73.964
4376974,W 104 St & Amsterdam Ave,40.799,-73.966
11985120,W 106 St & Amsterdam Ave,40.801,-73.966
3070834,W 106 St & Central Park West,40.798,-73.961
4451470,W 107 St & Columbus Ave,40.8,-73.962
12663141,W 11 St & 6 Ave,40.735,-73.998
12749899,W 110 St & Amsterdam Ave,40.803,-73.963
6717390,W 111 St & 5 Ave,40.798,-73.949
11388711,W 113 St & Broadway,40.806,-73.965
6111562,W 116 St & Amsterdam Ave,40.807,-73.961
4232787,W 116 St & Broadway,40.808,-73.964
12094623,W 12 St & Hudson St,40.738,-74.006
3425888,W 120 St & Claremont Ave,40.811,-73.963
5599973,W 129 St & Convent Ave,40.814,-73.953
5017409,W 13 St & 5 Ave,40.735,-73.994
10634317,W 13 St & 7 Ave,40.738,-74.0
7171229,W 133 St & 12 Ave,40.82,-73.959
9835522,W 135 St & Lenox Terrace Pl,40.814,-73.939
11119832,W 140 St & Riverside Dr,40.824,-73.955
6643046,W 144 St & Adam Clayton Powell Blvd,40.821,-73.939
477021,W 145 St & Amsterdam Ave,40.825,-73.947
8589754,W 146 St & Broadway,40.827,-73.95
12508032,W 147 St & Adam Clayton Powell Blvd,40.823,-73.937
3281511,W 148 St & Amsterdam Ave,40.827,-73.946
3606294,W 15 St & 10 Ave,40.743,-74.007
4271441,W 15 St & 6 Ave,40.738,-73.996
3616667,W 15 St & 7 Ave,40.739,-73.999
8708713,W 155 St & Frederick Douglass Blvd,40.829,-73.937
12050748,W 159 St & Edgecombe Ave,40.833,-73.939
6736367,W 16 St & The High Line,40.743,-74.007
2378903,W 160 St & St. Nicholas Ave,40.834,-73.94
2576165,W 163 St & Edgecombe Ave,40.836,-73.937
8824737,W 163 St & Riverside Dr,40.839,-73.945
11763808,W 165 St & Fort Washington Ave,40.84,-73.943
383624,W 168th S & Fort Washington Ave,40.842,-73.942
1777169,W 17 St & 8 Ave,40.742,-74.001
2284940,W 170 St & University Ave,40.842,-73.926
12107846,W 171 St & St. Nicholas Ave,40.843,-73.939
6967388,W 176 St & Montgomery Ave,40.85,-73.919
309354,W 18 St & 6 Ave,40.74,-73.995
11146664,W 18 St & 9 Ave,40.744,-74.004
7150324,W 180 St & Ft Washington Ave,40.85,-73.938
809990,W 181 St & Riverside Dr,40.852,-73.942
6624928,W 186 St & St. Nicholas Ave,40.852,-73.931
699742,W 190 St & Broadway,40.856,-73.933
3142430,W 190 St & St. Nicholas Ave,40.855,-73.93
3803649,W 192 St & University Ave,40.867,-73.902
9588361,W 20 St & 10 Ave,40.746,-74.005
10007019,W 20 St & 7 Ave,40.742,-73.997
3681773,W 20 St & 8 Ave,40.743,-74.0
11985573,W 204 St & Nagle Ave,40.863,-73.921
9103882,W 204 St & Vermilyea Ave,40.866,-73.923
5692291,W 21 St & 6 Ave,40.742,-73.994
11244474,W 211 St & 10 Ave,40.867,-73.917
450152,W 212 St & 10 Ave,40.868,-73.917
4919958,W 218 St & Broadway,40.871,-73.914
12574965,W 218 St & Indian Rd,40.873,-73.918
1602481,W 22 St & 10 Ave,40.747,-74.005
12535886,W 22 St & 8 Ave,40.745,-73.999
2904056,W 225 St & Exterior St,40.873,-73.907
2361261,W 24 St & 7 Ave,40.745,-73.995
4390825,W 25 St & 6 Ave,40.744,-73.991
2415542,W 26 St & 10 Ave,40.75,-74.003
7562401,W 26 St & 8 Ave,40.747,-73.997
7066226,W 27 St & 7 Ave,40.747,-73.994
3986092,W 29 St & 9 Ave,40.75,-73.998
5536024,W 30 St & 10 Ave,40.753,-74.002
10616871,W 30 St & 8 Ave,40.75,-73.995
8409429,W 31 St & 7 Ave,40.749,-73.992
10139165,W 33 St & 10 Ave,40.754,-73.999
1048972,W 33 St & 7 Ave,40.75,-73.991
7013298,W 34 St & 11 Ave,40.756,-74.002
3770563,W 34 St &\tHudson Blvd E,40.755,-74.001
11890058,W 35 St & 8 Ave,40.753,-73.993
2776864,W 35 St & 9 Ave,40.754,-73.996
6487901,W 35 St & Dyer Ave,40.755,-73.997
1681200,W 36 St & 7 Ave,40.752,-73.99
7282864,W 36 St & 9 Ave,40.755,-73.995
4197253,W 37 St & 10 Ave,40.757,-73.998
6253833,W 37 St & 5 Ave,40.75,-73.983
5767701,W 37 St & Broadway,40.752,-73.988
8701588,W 39 St & 9 Ave,40.756,-73.994
5276650,W 4 St & 7 Ave S,40.734,-74.003
6982618,W 40 St & 5 Ave,40.752,-73.982
12190997,W 40 St & 7 Ave,40.755,-73.988
9578296,W 40 St & 8 Ave,40.755,-73.988
4745159,W 41 St & 8 Ave,40.756,-73.99
12693909,W 42 St & 6 Ave,40.755,-73.985
4104297,W 42 St & 8 Ave,40.758,-73.991
4406453,W 42 St & Dyer Ave,40.759,-73.994
7194027,W 43 St & 10 Ave,40.76,-73.995
4706908,W 44 St & 11 Ave,40.762,-73.997
9539204,W 44 St & 5 Ave,40.755,-73.98
8166426,W 45 St & 8 Ave,40.759,-73.989
12263600,W 46 St & 11 Ave,40.763,-73.997
7789083,W 47 St & 10 Ave,40.763,-73.993
1853864,W 47 St & 6 Ave,40.758,-73.983
8624249,W 48 St &  Rockefeller Plaza,40.758,-73.979
8008497,W 49 St & 8 Ave,40.762,-73.988
5993146,W 50 St & 10 Ave,40.765,-73.992
11874941,W 50 St & 9 Ave,40.764,-73.989
8345455,W 51 St & 6 Ave,40.761,-73.98
2327373,W 51 St & Rockefeller Plaza,40.76,-73.978
5197953,W 52 St & 11 Ave,40.767,-73.994
5172251,W 52 St & 6 Ave,40.761,-73.98
215906,W 53 St & 10 Ave,40.767,-73.991
12648443,W 54 St & 11 Ave,40.768,-73.993
6652771,W 54 St & 9 Ave,40.766,-73.987
7998607,W 55 St & 6 Ave,40.763,-73.978
10981498,W 56 St & 10 Ave,40.768,-73.989
6048138,W 56 St & 6 Ave,40.763,-73.977
9950705,W 56 St & 8 Ave,40.766,-73.983
12506335,W 59 St & 10 Ave,40.771,-73.988
157920,W 63 St & Broadway,40.772,-73.983
11603039,W 64 St & Thelonious Monk Circle,40.775,-73.989
4925780,W 67 St & Broadway,40.775,-73.983
5087267,W 70 St & Amsterdam Ave,40.777,-73.983
1303854,W 74 St & Columbus Ave,40.779,-73.978
8783890,W 76 St & Columbus Ave,40.78,-73.977
9997612,W 82 St & Central Park West,40.783,-73.971
12571180,W 84 St & Broadway,40.787,-73.977
5269479,W 84 St & Columbus Ave,40.785,-73.973
10858944,W 87 St & Amsterdam Ave,40.788,-73.975
4840045,W 87 St & West End Ave,40.79,-73.978
4513688,W 89 St & Columbus Ave,40.788,-73.97
3538340,W 90 St & Amsterdam Ave,40.79,-73.973
2631932,W 92 St & Broadway,40.792,-73.974
11559450,W 95 St & Broadway,40.794,-73.972
2047314,W Broadway & Spring St,40.725,-74.002
3441841,W Broadway & W Houston St,40.726,-74.0
12025901,W Burnside Ave & University Ave,40.854,-73.912
4894209,W Fordham Rd & Loring Pl N,40.863,-73.907
7135748,W Mosholu Pkwy S & Sedgwick Ave,40.882,-73.887
11702060,W Tremont Ave & Grand Ave,40.85,-73.913
5358775,W Tremont Ave & Matthewson Rd,40.854,-73.921
10102779,W Tremont Ave & Montgomery Ave,40.852,-73.916
4709610,Wadsworth Ave & W 175 St,40.846,-73.938
11430875,Wadsworth Ave & W 179 St,40.848,-73.936
9584173,Wakeman Pl & Ridge Blvd,40.639,-74.027
4795804,Wales Ave & E 147 St,40.811,-73.908
10522169,Walker St & Baxter St,40.717,-74.0
2664209,Walnut Ave & E 136 St,40.802,-73.91
11847172,Walton Ave & E 153 St,40.822,-73.927
4632312,Walton Ave & E 168 St,40.836,-73.918
4353909,Walton Ave & E 171 St,40.841,-73.915
7772697,Walton Ave & E 183 St,40.858,-73.903
6693678,Wards Meadow Comfort Station,40.783,-73.931
2471084,Warren St & Court St,40.686,-73.994
1532009,Warren St & Smith St,40.685,-73.991
3378832,Warren St & W Broadway,40.715,-74.009
1244697,Washington Ave & E 163 St,40.824,-73.911
2541299,Washington Ave & E 167 St,40.83,-73.908
11815028,Washington Ave & E 174 St,40.843,-73.9
5001515,Washington Ave & Greene Ave,40.687,-73.966
6765407,Washington Ave & Park Ave,40.696,-73.968
8013083,Washington Park,40.692,-73.974
7782667,Washington Pl & 6 Ave,40.732,-74.0
9309039,Washington Pl & Broadway,40.729,-73.994
298088,Washington Square E,40.73,-73.996
4512025,Washington St & Barrow St,40.732,-74.009
7700480,Washington St & Gansevoort St,40.739,-74.008
11742603,Washington St & Laight St,40.722,-74.011
11123161,Water St &  Fletcher St,40.706,-74.006
4221923,Water St & Gouverneur Ln,40.705,-74.008
10859947,Water St & Main St,40.703,-73.99
5016715,Waterbury St & Stagg St,40.71,-73.937
699172,Waterloo Pl & Crotona Park East,40.839,-73.889
943929,Watts St & Greenwich St,40.724,-74.01
1837512,Webb Ave & W 190 St,40.866,-73.904
7232998,Webster Ave & E 166 St,40.829,-73.911
3277600,Webster Ave & Ford St,40.856,-73.896
10582961,Weeks Ave & E 175 St,40.847,-73.907
4178934,West Broadway & Watts St,40.723,-74.003
3640557,West Drive & Prospect Park West,40.661,-73.979
6367960,West End Ave & W 107 St,40.802,-73.968
10108406,West End Ave & W 60 St,40.773,-73.99
11304465,West End Ave & W 78 St,40.784,-73.982
4629641,West End Ave & W 94 St,40.794,-73.974
75677,West Farms Rd & Boone Ave,40.83,-73.886
8436722,West St & Chambers St,40.718,-74.013
7072561,West St & Liberty St,40.711,-74.015
6963308,West Thames St,40.708,-74.017
8894802,Westchester Ave & E 156 St,40.818,-73.905
1677613,Westchester Ave & Jackson Ave,40.816,-73.908
10105312,Westchester Ave & Longwood Ave,40.82,-73.901
9313547,Westchester Ave & Southern Blvd,40.825,-73.892
6575023,White St & Johnson Ave,40.707,-73.936
1489367,White St & Moore St,40.705,-73.935
6186802,Whitehall St & Bridge St,40.704,-74.013
216818,Wilkins Ave & Crotona Park E,40.835,-73.895
3837694,William St & Pine St,40.707,-74.009
3714278,Willis Ave & Bruckner Blvd,40.806,-73.925
11973912,Willis Ave & E 137 St,40.808,-73.924
6725791,Willis Ave & E 141 St,40.811,-73.922
1440154,Willis Ave & E 143 St,40.812,-73.92
11225032,Willoughby Ave & Hall St,40.692,-73.965
4411018,Willoughby Ave & Myrtle Ave,40.698,-73.931
11020127,Willoughby Ave & Onderdonk Ave,40.71,-73.917
10334501,Willoughby Ave & Tompkins Ave,40.694,-73.946
9204005,Willoughby Ave & Walworth St,40.693,-73.954
1932364,Willoughby Ave & Wyckoff Ave,40.706,-73.922
3087622,Willoughby St & Ashland Pl,40.692,-73.979
9972235,Willoughby St & Fleet St,40.692,-73.981
9405771,Willow Ave & E 133 St,40.801,-73.914
623772,Wilson Ave & Moffat St,40.689,-73.905
11409116,Wilson Ave & Troutman St,40.702,-73.928
2382320,Windsor Pl & 8 Ave,40.661,-73.983
4770982,Windsor Pl & Howard Pl,40.659,-73.98
842698,Withers St & Kingsland Ave,40.718,-73.941
2513269,Wolcott St & Dwight St,40.675,-74.01
4226189,Woodward Ave & Harman St,40.708,-73.911
6834920,Wyckoff Av & Jefferson St,40.707,-73.924
662171,Wyckoff Av & Stanhope St,40.704,-73.918
7365985,Wyckoff Ave & Gates Ave,40.7,-73.912
7953299,Wyckoff St & Nevins St,40.683,-73.984
5178539,Wythe Ave & Metropolitan Ave,40.717,-73.963
4227919,Yankee Ferry Terminal,40.687,-74.017
